-- MySQL Administrator dump 1.4
--
-- ------------------------------------------------------
-- Server version	5.0.24-standard


/*!40101 SET @OLD_CHARACTER_SET_CLIENT=@@CHARACTER_SET_CLIENT */;
/*!40101 SET @OLD_CHARACTER_SET_RESULTS=@@CHARACTER_SET_RESULTS */;
/*!40101 SET @OLD_COLLATION_CONNECTION=@@COLLATION_CONNECTION */;
/*!40101 SET NAMES utf8 */;

/*!40014 SET @OLD_UNIQUE_CHECKS=@@UNIQUE_CHECKS, UNIQUE_CHECKS=0 */;
/*!40014 SET @OLD_FOREIGN_KEY_CHECKS=@@FOREIGN_KEY_CHECKS, FOREIGN_KEY_CHECKS=0 */;
/*!40101 SET @OLD_SQL_MODE=@@SQL_MODE, SQL_MODE='NO_AUTO_VALUE_ON_ZERO' */;


--
-- Create schema planning
--

CREATE DATABASE IF NOT EXISTS planning;
USE planning;
CREATE TABLE  `planning`.`application` (
  `application_id` int(11) NOT NULL auto_increment,
  `council_reference` varchar(50) NOT NULL,
  `address` text NOT NULL,
  `postcode` varchar(10) NOT NULL,
  `description` text,
  `info_url` varchar(1024) default NULL,
  `info_tinyurl` varchar(50) default NULL,
  `comment_url` varchar(1024) default NULL,
  `comment_tinyurl` varchar(50) default NULL,
  `authority_id` int(11) NOT NULL,
  `x` int(11) NOT NULL,
  `y` int(11) NOT NULL,
  `date_scraped` timestamp NOT NULL default CURRENT_TIMESTAMP,
  `date_recieved` date default NULL,
  `map_url` varchar(150) default NULL,
  PRIMARY KEY  (`application_id`)
) ENGINE=MyISAM AUTO_INCREMENT=972 DEFAULT CHARSET=utf8;
INSERT INTO `planning`.`application` VALUES  (817,'06/04276/FUL','143 Crownstone Road\nLondon\nSW2 1NB\n','SW2 1NB','Conversion of ground floor work area within existing live work unit to a two-bedroom self contained unit with the formation of a new side acess door and installation of new windows to the side elevation at ground floor level.','http://planning.lambeth.gov.uk/publicaccess/dc/DcApplication/application_detailview.aspx?caseno=JAH9NNBOO7000','http://tinyurl.com/y7wxxc','http://planning.lambeth.gov.uk/publicaccess/dc/DcApplication/application_comments_entryform.aspx?caseno=JAH9NNBOO7000','http://tinyurl.com/tfmzw',1,531064,174763,'2007-01-07 10:42:42',NULL,'http://maps.google.com/maps?q=sw21nb&z=15'),
 (818,'06/04262/FUL','32 Tooting Bec Gardens\nLondon\nSW16 1RB\n','SW16 1RB','Change of Use from Guest House ( Class C1) to Residential (Class C3) with conversion of property into six self contained flats comprising 1-one bed, 1-three bed and 4-two bed units involving the excavation of the basement with front, side and rear lightwells with railings, along with the removal of side door and replacement of rear window with double doors, retention of three forecourt car parking spaces.','http://planning.lambeth.gov.uk/publicaccess/dc/DcApplication/application_detailview.aspx?caseno=JAH50QBOO7000','http://tinyurl.com/y7kyz5','http://planning.lambeth.gov.uk/publicaccess/dc/DcApplication/application_comments_entryform.aspx?caseno=JAH50QBOO7000','http://tinyurl.com/vp8os',1,529861,171793,'2007-01-07 10:42:47',NULL,'http://maps.google.com/maps?q=sw161rb&z=15'),
 (819,'06/04281/LDCP','19 Cleaver Square\nLondon\nSE11 4DW\n','SE11 4DW','Application for a Certificate of Lawful Development (Proposed) in respect to the Installation of new window in basement pantry, replacement of existing staircase to basement, excavation of part of the retaining wall to provide a bin storage area at the front of the property at basement level, removal of window in utility room at basement level, underpinning existing utility room walls and brickwork to be cleaned, excavation of existing outhouse floor and area of rear garden to make level with existing basement floor, lowering of existing utility room door at basement level, form opening in existing dining room wall, erection of basement level single storey extension to enclose existing outhouse and area of rear garden, replacement of basement utility room roof covering with plasterboard ceiling, existing parapet to be retained and repointed, replacement of existing window on the rear elevation at first floor level, removal of MDF shutters on front and rear windows at first floor level,  demolition of existing partition and new layout to bathroom, removal of window and lintel on the rear elevation at first floor level and replacement with a new frameless window, relocation of original door to storage in master bedroom, demolition of existing partition to storage in master bedroom, installation of new ensuite bathroom, and construction of partition to storage areas, installation of rear dormer and a rooflight and removal of existing rooflight, installation of new services and central heating to first and second floors, reconstruction of parts of the existing roof to match existing and removal of pipes on the rear elevation and installation of new pipes.\n','http://planning.lambeth.gov.uk/publicaccess/dc/DcApplication/application_detailview.aspx?caseno=JAHCOEBON5000','http://tinyurl.com/y9cda7','http://planning.lambeth.gov.uk/publicaccess/dc/DcApplication/application_comments_entryform.aspx?caseno=JAHCOEBON5000','http://tinyurl.com/y2feqq',1,531396,178197,'2007-01-07 10:42:57',NULL,'http://maps.google.com/maps?q=se114dw&z=15');
INSERT INTO `planning`.`application` VALUES  (820,'06/03952/LB','19 Cleaver Square\nLondon\nSE11 4DW\n','SE11 4DW','Installation of new window in basement pantry, replacement of existing staircase to basement, excavation of part of the retaining wall to provide a bin storage area at the front of the property at basement level, removal of window in utility room at basement level, underpinning existing utility room walls and brickwork to be cleaned, excavation of existing outhouse floor and area of rear garden to make level with existing basement floor, lowering of existing utility room door at basement level, form opening in existing dining room wall, erection of basement level single storey extension to enclose existing outhouse and area of rear garden, replacement of basement utility room roof covering with plasterboard ceiling, existing parapet to be retained and repointed, replacement of existing window on the rear elevation at first floor level, removal of MDF shutters on front and rear windows at first floor level,  demolition of existing partition and new layout to bathroom, removal of window and lintel on the rear elevation at first floor level and replacement with a new frameless window, relocation of original door to storage in master bedroom, demolition of existing partition to storage in master bedroom, installation of new ensuite bathroom, and construction of partition to storage areas, installation of rear dormer and a rooflight and removal of existing rooflight, installation of new services and central heating to first and second floors, reconstruction of parts of the existing roof to match existing and removal of pipes on the rear elevation and installation of new pipes.\n','http://planning.lambeth.gov.uk/publicaccess/dc/DcApplication/application_detailview.aspx?caseno=J954EPBOQ8000','http://tinyurl.com/u5chk','http://planning.lambeth.gov.uk/publicaccess/dc/DcApplication/application_comments_entryform.aspx?caseno=J954EPBOQ8000','http://tinyurl.com/yxn3yo',1,531396,178197,'2007-01-07 10:43:06',NULL,'http://maps.google.com/maps?q=se114dw&z=15'),
 (821,'06/03660/FUL','11 Greyhound Lane\nLondon\nSW16 5NP\n','SW16 5NP','Change of use of property from Retail (Use Class A1) to Take away (Use Class A5) along with installation of extract flue to rear elevation.','http://planning.lambeth.gov.uk/publicaccess/dc/DcApplication/application_detailview.aspx?caseno=J81NJBBOL8000','http://tinyurl.com/vyzdl','http://planning.lambeth.gov.uk/publicaccess/dc/DcApplication/application_comments_entryform.aspx?caseno=J81NJBBOL8000','http://tinyurl.com/y53wet',1,529813,170531,'2007-01-07 10:43:17',NULL,'http://maps.google.com/maps?q=sw165np&z=15');
INSERT INTO `planning`.`application` VALUES  (822,'081803/FH/2007/S2','23 Dalston Drive\nDidsbury\nManchester\nM20 5LD\n','M20 5LD','Erection of first floor rear extension to form additional living accommodation','http://www.publicaccess.manchester.gov.uk/publicaccess/tdc/DcApplication/application_detailview.aspx?caseno=JB8LQ6BC70000','http://tinyurl.com/t3o3p','http://www.publicaccess.manchester.gov.uk/publicaccess/tdc/DcApplication/application_comments_entryform.aspx?caseno=JB8LQ6BC70000','http://tinyurl.com/y3655x',2,385038,390770,'2007-01-07 10:44:06',NULL,'http://maps.google.com/maps?q=m205ld&z=15'),
 (823,'DC/07/0010','7 Pound Lane\nUpper Beeding\nSteyning\nWest Sussex\nBN44 3JF','BN44 3JF','2-Storey side extension','http://publicaccess.horsham.gov.uk/publicaccess/tdc/DcApplication/application_detailview.aspx?caseno=JBAW2ZIJA0000','http://tinyurl.com/yxucpg','http://publicaccess.horsham.gov.uk/publicaccess/tdc/DcApplication/application_comments_entryform.aspx?caseno=JBAW2ZIJA0000','http://tinyurl.com/y7wqqo',4,519641,110667,'2007-01-07 10:44:34',NULL,'http://maps.google.com/maps?q=bn443jf&z=15'),
 (824,'DC/06/2965','Villa Adagio\nNewhouse Lane\nStorrington\nPulborough\nWest Sussex\nRH20 3HQ\n','RH20 3HQ','Single storey extension to kitchen and garage','http://publicaccess.horsham.gov.uk/publicaccess/tdc/DcApplication/application_detailview.aspx?caseno=JAGRH4IJK0000','http://tinyurl.com/yl8gx6','http://publicaccess.horsham.gov.uk/publicaccess/tdc/DcApplication/application_comments_entryform.aspx?caseno=JAGRH4IJK0000','http://tinyurl.com/ycdn6t',4,511292,115229,'2007-01-07 10:44:42',NULL,'http://maps.google.com/maps?q=rh203hq&z=15');
INSERT INTO `planning`.`application` VALUES  (825,'DC/06/2910','Bradstock\nOak Lane\nBroadbridge Heath\nHorsham\nWest Sussex\nRH12 3NX','RH12 3NX','Erection of detached garage','http://publicaccess.horsham.gov.uk/publicaccess/tdc/DcApplication/application_detailview.aspx?caseno=J9WPN6IJK0000','http://tinyurl.com/yjg484','http://publicaccess.horsham.gov.uk/publicaccess/tdc/DcApplication/application_comments_entryform.aspx?caseno=J9WPN6IJK0000','http://tinyurl.com/yfvdox',4,515083,131184,'2007-01-07 10:44:48',NULL,'http://maps.google.com/maps?q=rh123nx&z=15'),
 (826,'07/00004/FUL','2 Fountain Cottages \nHigh Beech Lane\nLindfield\nHaywards Heath\nWest Sussex\nRH16 1XX','RH16 1XX','Two storey side extension and single storey rear extension','http://dc.midsussex.gov.uk/PublicAccess/tdc/DcApplication/application_detailview.aspx?caseno=JBA9I2KT32000','http://tinyurl.com/ybw3pc','http://dc.midsussex.gov.uk/PublicAccess/tdc/DcApplication/application_comments_entryform.aspx?caseno=JBA9I2KT32000','http://tinyurl.com/yfgr9g',5,533949,126863,'2007-01-07 10:45:17',NULL,'http://maps.google.com/maps?q=rh161xx&z=15'),
 (827,'06/02733/FUL','61 Cuckfield Road\nHurstpierpoint\nHassocks\nWest Sussex\nBN6 9RR','BN6 9RR','Single storey front extension and existing main roof extended to form new gable roof.  Pitched dormer window to rear elevation.','http://dc.midsussex.gov.uk/PublicAccess/tdc/DcApplication/application_detailview.aspx?caseno=JAB6MMKT32000','http://tinyurl.com/ymj8ao','http://dc.midsussex.gov.uk/PublicAccess/tdc/DcApplication/application_comments_entryform.aspx?caseno=JAB6MMKT32000','http://tinyurl.com/yb2utb',5,528009,116919,'2007-01-07 10:45:26',NULL,'http://maps.google.com/maps?q=bn69rr&z=15');
INSERT INTO `planning`.`application` VALUES  (828,'06/02182/FUL','12 The Oaks\nEast Grinstead\nWest Sussex\nRH19 3QJ','RH19 3QJ','Proposed first floor extension over garage and new rear conservatory','http://dc.midsussex.gov.uk/PublicAccess/tdc/DcApplication/application_detailview.aspx?caseno=J70S1IKT32000','http://tinyurl.com/yekldf','http://dc.midsussex.gov.uk/PublicAccess/tdc/DcApplication/application_comments_entryform.aspx?caseno=J70S1IKT32000','http://tinyurl.com/yln2en',5,540492,137920,'2007-01-07 10:45:37',NULL,'http://maps.google.com/maps?q=rh193qj&z=15'),
 (829,'06/01111/FUL','89 Downhall Road\nRayleigh\nEssex\nSS6 9JX','SS6 9JX','Demolition of Existing Property and Creation of One Block Containing 7 No. Flats and 1 No. Detached Dwelling House. Vehicular Access to the Flats off Lakeside to a Car Park Court (10 Spaces) Vehicular Access to Dwelling House off Lakeside (2 Spaces)','http://62.173.68.168/publicaccess/dc/DcApplication/application_detailview.aspx?caseno=JAVQSBNC96000','http://tinyurl.com/yevjg3','http://62.173.68.168/publicaccess/dc/DcApplication/application_comments_entryform.aspx?caseno=JAVQSBNC96000','http://tinyurl.com/ymyxhb',8,580625,191717,'2007-01-07 10:46:16',NULL,'http://maps.google.com/maps?q=ss69jx&z=15'),
 (830,'06/01075/FUL','64 Louis Drive\nRayleigh\nEssex\nSS6 9DX\n','SS6 9DX','Hip to Gable Roof Extension to Create Rooms in the Roof Incorporating 2 No. Pitched Roofed Dormers and Rooflight to Front and Flat Roofed Dormer to Rear.','http://62.173.68.168/publicaccess/dc/DcApplication/application_detailview.aspx?caseno=JA3XVMNCS7000','http://tinyurl.com/ye2dk2','http://62.173.68.168/publicaccess/dc/DcApplication/application_comments_entryform.aspx?caseno=JA3XVMNCS7000','http://tinyurl.com/yl4rla',8,579451,191475,'2007-01-07 10:46:21',NULL,'http://maps.google.com/maps?q=ss69dx&z=15');
INSERT INTO `planning`.`application` VALUES  (831,'07/00011/TPO','Slade House And Abell House\nSlade Hospital\nHorspath Driftway\nOxford\nOxfordshire\nOX3 7JH\n','OX3 7JH','Fell x 1 prunus and other tree works as specified in Nicholson Report of August 2006 at Slade and Abell House subject to Oxford City Council - Horspath Driftway, Eastern Bypass (No. 1) TPO 1994','http://uniformpublicaccess.oxford.gov.uk/publicaccess/tdc/DcApplication/application_detailview.aspx?caseno=JBARP2MF58000','http://tinyurl.com/yg9bql','http://uniformpublicaccess.oxford.gov.uk/publicaccess/tdc/DcApplication/application_comments_entryform.aspx?caseno=JBARP2MF58000','http://tinyurl.com/ynbprt',9,455423,205276,'2007-01-07 10:48:37',NULL,'http://maps.google.com/maps?q=ox37jh&z=15'),
 (832,'07/00010/CAT','7 Arthur Garrard Close\nOxford\nOxfordshire\nOX2 6EU','OX2 6EU','Prune eucalyptus tree to give 2.5 m clearance to adjacent buildings and crown lift by removal of x 5 lateral branches at 7 Arthur Garrard Close in the Walton Street Conservation Area','http://uniformpublicaccess.oxford.gov.uk/publicaccess/tdc/DcApplication/application_detailview.aspx?caseno=JBAQLQMF58000','http://tinyurl.com/ygv7vu','http://uniformpublicaccess.oxford.gov.uk/publicaccess/tdc/DcApplication/application_comments_entryform.aspx?caseno=JBAQLQMF58000','http://tinyurl.com/yddheq',9,450778,207342,'2007-01-07 10:48:45',NULL,'http://maps.google.com/maps?q=ox26eu&z=15'),
 (833,'07/00008/CAT','100 Temple Road\nOxford\nOxfordshire\nOX4 2EZ','OX4 2EZ','Prune x 2 mature apple trees at 100 Temple Road in the Temple Cowley Conservation Area','http://uniformpublicaccess.oxford.gov.uk/publicaccess/tdc/DcApplication/application_detailview.aspx?caseno=JBAKENMF58000','http://tinyurl.com/ybl5mo','http://uniformpublicaccess.oxford.gov.uk/publicaccess/tdc/DcApplication/application_comments_entryform.aspx?caseno=JBAKENMF58000','http://tinyurl.com/yznjnw',9,454493,204487,'2007-01-07 10:48:49',NULL,'http://maps.google.com/maps?q=ox42ez&z=15');
INSERT INTO `planning`.`application` VALUES  (834,'07/00006/FUL','17 The Grates\nOxford\nOxfordshire\nOX4 3LJ','OX4 3LJ','Single and two storey rear extension, loft conversion with roof dormers to side and rear','http://uniformpublicaccess.oxford.gov.uk/publicaccess/tdc/DcApplication/application_detailview.aspx?caseno=JBAE34MF24000','http://tinyurl.com/yaowqn','http://uniformpublicaccess.oxford.gov.uk/publicaccess/tdc/DcApplication/application_comments_entryform.aspx?caseno=JBAE34MF24000','http://tinyurl.com/yhrdrv',9,454172,203808,'2007-01-07 10:48:59',NULL,'http://maps.google.com/maps?q=ox43lj&z=15'),
 (835,'07/00005/FUL','270 Iffley Road\nOxford\nOxfordshire\nOX4 4AA','OX4 4AA','Two storey side, and two and single storey rear extension with decking','http://uniformpublicaccess.oxford.gov.uk/publicaccess/tdc/DcApplication/application_detailview.aspx?caseno=JBACOBMF24000','http://tinyurl.com/ye9nar','http://uniformpublicaccess.oxford.gov.uk/publicaccess/tdc/DcApplication/application_comments_entryform.aspx?caseno=JBACOBMF24000','http://tinyurl.com/ylc4c2',9,452835,204862,'2007-01-07 10:49:09',NULL,'http://maps.google.com/maps?q=ox44aa&z=15'),
 (836,'07/00004/CT3','Regal Community Centre\nRidgefield Road\nOxford\nOxfordshire\nOX4 3BY\n','OX4 3BY','Erection of 1.2m fence and gates','http://uniformpublicaccess.oxford.gov.uk/publicaccess/tdc/DcApplication/application_detailview.aspx?caseno=JB90SYMF24000','http://tinyurl.com/yg222t','http://uniformpublicaccess.oxford.gov.uk/publicaccess/tdc/DcApplication/application_comments_entryform.aspx?caseno=JB90SYMF24000','http://tinyurl.com/yn4g44',9,453513,205031,'2007-01-07 10:49:14',NULL,'http://maps.google.com/maps?q=ox43by&z=15');
INSERT INTO `planning`.`application` VALUES  (837,'07/00003/FUL','2 Maidcroft Road\nOxford\nOxfordshire\nOX4 3EN','OX4 3EN','Two storey rear and single storey side extension','http://uniformpublicaccess.oxford.gov.uk/publicaccess/tdc/DcApplication/application_detailview.aspx?caseno=JB938OMFWC000','http://tinyurl.com/yaadc6','http://uniformpublicaccess.oxford.gov.uk/publicaccess/tdc/DcApplication/application_comments_entryform.aspx?caseno=JB938OMFWC000','http://tinyurl.com/yhcrde',9,453976,204328,'2007-01-07 10:49:35',NULL,'http://maps.google.com/maps?q=ox43en&z=15'),
 (838,'07/00001/FUL','35 Southfield Road\nOxford\nOxfordshire\nOX4 1NX','OX4 1NX','Single storey rear extension','http://uniformpublicaccess.oxford.gov.uk/publicaccess/tdc/DcApplication/application_detailview.aspx?caseno=JB900VMFWC000','http://tinyurl.com/ykuhuz','http://uniformpublicaccess.oxford.gov.uk/publicaccess/tdc/DcApplication/application_comments_entryform.aspx?caseno=JB900VMFWC000','http://tinyurl.com/yj565g',9,453336,205542,'2007-01-07 10:49:38',NULL,'http://maps.google.com/maps?q=ox41nx&z=15'),
 (839,'06/02639/FUL','11 William Street\nOxford\nOxfordshire\nOX3 0ES\n','OX3 0ES','Single storey rear conservatory extension','http://uniformpublicaccess.oxford.gov.uk/publicaccess/tdc/DcApplication/application_detailview.aspx?caseno=JAOKV3MF24000','http://tinyurl.com/yfkflc','http://uniformpublicaccess.oxford.gov.uk/publicaccess/tdc/DcApplication/application_comments_entryform.aspx?caseno=JAOKV3MF24000','http://tinyurl.com/ymmtmk',9,453002,207044,'2007-01-07 10:49:52',NULL,'http://maps.google.com/maps?q=ox30es&z=15');
INSERT INTO `planning`.`application` VALUES  (840,'07/00011/TPO','Slade House And Abell House\nSlade Hospital\nHorspath Driftway\nOxford\nOxfordshire\nOX3 7JH\n','OX3 7JH','','http://194.73.99.13/publicaccess/tdc/DcApplication/application_detailview.aspx?caseno=JBARP2MF58000','http://tinyurl.com/ucbm9','http://194.73.99.13/publicaccess/tdc/DcApplication/application_comments_entryform.aspx?caseno=JBARP2MF58000','http://tinyurl.com/y4epnh',11,455423,205276,'2007-01-07 10:51:09',NULL,'http://maps.google.com/maps?q=ox37jh&z=15'),
 (841,'07/00010/CAT','7 Arthur Garrard Close\nOxford\nOxfordshire\nOX2 6EU','OX2 6EU','','http://194.73.99.13/publicaccess/tdc/DcApplication/application_detailview.aspx?caseno=JBAQLQMF58000','http://tinyurl.com/yxu26d','http://194.73.99.13/publicaccess/tdc/DcApplication/application_comments_entryform.aspx?caseno=JBAQLQMF58000','http://tinyurl.com/y7wg7l',11,450778,207342,'2007-01-07 10:51:14',NULL,'http://maps.google.com/maps?q=ox26eu&z=15'),
 (842,'07/00008/CAT','100 Temple Road\nOxford\nOxfordshire\nOX4 2EZ','OX4 2EZ','','http://194.73.99.13/publicaccess/tdc/DcApplication/application_detailview.aspx?caseno=JBAKENMF58000','http://tinyurl.com/tg5q8','http://194.73.99.13/publicaccess/tdc/DcApplication/application_comments_entryform.aspx?caseno=JBAKENMF58000','http://tinyurl.com/yxxtac',11,454493,204487,'2007-01-07 10:51:19',NULL,'http://maps.google.com/maps?q=ox42ez&z=15'),
 (843,'07/00006/FUL','17 The Grates\nOxford\nOxfordshire\nOX4 3LJ','OX4 3LJ','','http://194.73.99.13/publicaccess/tdc/DcApplication/application_detailview.aspx?caseno=JBAE34MF24000','http://tinyurl.com/y73abk','http://194.73.99.13/publicaccess/tdc/DcApplication/application_comments_entryform.aspx?caseno=JBAE34MF24000','http://tinyurl.com/v8hza',11,454172,203808,'2007-01-07 10:51:31',NULL,'http://maps.google.com/maps?q=ox43lj&z=15');
INSERT INTO `planning`.`application` VALUES  (844,'07/00005/FUL','270 Iffley Road\nOxford\nOxfordshire\nOX4 4AA','OX4 4AA','','http://194.73.99.13/publicaccess/tdc/DcApplication/application_detailview.aspx?caseno=JBACOBMF24000','http://tinyurl.com/tyjbo','http://194.73.99.13/publicaccess/tdc/DcApplication/application_comments_entryform.aspx?caseno=JBACOBMF24000','http://tinyurl.com/y34xcw',11,452835,204862,'2007-01-07 10:51:38',NULL,'http://maps.google.com/maps?q=ox44aa&z=15'),
 (845,'07/00004/CT3','Regal Community Centre\nRidgefield Road\nOxford\nOxfordshire\nOX4 3BY\n','OX4 3BY','','http://194.73.99.13/publicaccess/tdc/DcApplication/application_detailview.aspx?caseno=JB90SYMF24000','http://tinyurl.com/uqv3q','http://194.73.99.13/publicaccess/tdc/DcApplication/application_comments_entryform.aspx?caseno=JB90SYMF24000','http://tinyurl.com/y4tc5y',11,453513,205031,'2007-01-07 10:51:41',NULL,'http://maps.google.com/maps?q=ox43by&z=15'),
 (846,'07/00003/FUL','2 Maidcroft Road\nOxford\nOxfordshire\nOX4 3EN','OX4 3EN','','http://194.73.99.13/publicaccess/tdc/DcApplication/application_detailview.aspx?caseno=JB938OMFWC000','http://tinyurl.com/y8e2m5','http://194.73.99.13/publicaccess/tdc/DcApplication/application_comments_entryform.aspx?caseno=JB938OMFWC000','http://tinyurl.com/tup7p',11,453976,204328,'2007-01-07 10:51:48',NULL,'http://maps.google.com/maps?q=ox43en&z=15'),
 (847,'07/00001/FUL','35 Southfield Road\nOxford\nOxfordshire\nOX4 1NX','OX4 1NX','','http://194.73.99.13/publicaccess/tdc/DcApplication/application_detailview.aspx?caseno=JB900VMFWC000','http://tinyurl.com/sgbzb','http://194.73.99.13/publicaccess/tdc/DcApplication/application_comments_entryform.aspx?caseno=JB900VMFWC000','http://tinyurl.com/wy22f',11,453336,205542,'2007-01-07 10:52:25',NULL,'http://maps.google.com/maps?q=ox41nx&z=15');
INSERT INTO `planning`.`application` VALUES  (848,'06/02639/FUL','11 William Street\nOxford\nOxfordshire\nOX3 0ES\n','OX3 0ES','','http://194.73.99.13/publicaccess/tdc/DcApplication/application_detailview.aspx?caseno=JAOKV3MF24000','http://tinyurl.com/u8nad','http://194.73.99.13/publicaccess/tdc/DcApplication/application_comments_entryform.aspx?caseno=JAOKV3MF24000','http://tinyurl.com/y4b4bl',11,453002,207044,'2007-01-07 10:52:33',NULL,'http://maps.google.com/maps?q=ox30es&z=15'),
 (849,'07/00003/FUL','43 Norman Road\nDartford\nKent\nDA1 1LE','DA1 1LE','Installation of a wind turbine at roof level on rear elevation together with provision of 2 solar panels on front roof elevation','http://publicaccess.dartford.gov.uk/publicaccess/tdc/DcApplication/application_detailview.aspx?caseno=JBAD15BQL0000','http://tinyurl.com/ykglyp','http://publicaccess.dartford.gov.uk/publicaccess/tdc/DcApplication/application_comments_entryform.aspx?caseno=JBAD15BQL0000','http://tinyurl.com/ybls8f',18,554186,173134,'2007-01-07 10:53:41',NULL,'http://maps.google.com/maps?q=da11le&z=15'),
 (850,'06/01396/FUL','11 Lonsdale Crescent\nDarenth\nKent\nDA2 6LQ','DA2 6LQ','Erection of a rear conservatory','http://publicaccess.dartford.gov.uk/publicaccess/tdc/DcApplication/application_detailview.aspx?caseno=JAGVIEBQG3000','http://tinyurl.com/yzo99n','http://publicaccess.dartford.gov.uk/publicaccess/tdc/DcApplication/application_comments_entryform.aspx?caseno=JAGVIEBQG3000','http://tinyurl.com/yf6zpj',18,556434,173084,'2007-01-07 10:53:45',NULL,'http://maps.google.com/maps?q=da26lq&z=15');
INSERT INTO `planning`.`application` VALUES  (851,'1/0006/2007/AGR','East Wonford Farm\nMilton Damerel\nHolsworthy\nEX22 7DP\n','EX22 7DP','Erection of small building for water storage tank','http://www.torridge.gov.uk/publicaccess/tdc/DcApplication/application_detailview.aspx?caseno=JB8XL1QKP1000','http://tinyurl.com/y9m6pl','http://www.torridge.gov.uk/publicaccess/tdc/DcApplication/application_comments_entryform.aspx?caseno=JB8XL1QKP1000','http://tinyurl.com/ygokqt',19,237960,109626,'2007-01-07 10:54:18',NULL,'http://maps.google.com/maps?q=ex227dp&z=15'),
 (852,'1/0001/2007/AGR','Mambury Farm\nEast Putford\nHolsworthy\nEX22 7UH','EX22 7UH','3 bay extension to existing cubicle house for dairy cows','http://www.torridge.gov.uk/publicaccess/tdc/DcApplication/application_detailview.aspx?caseno=JB8W8AQKP1000','http://tinyurl.com/yk9bbx','http://www.torridge.gov.uk/publicaccess/tdc/DcApplication/application_comments_entryform.aspx?caseno=JB8W8AQKP1000','http://tinyurl.com/ybezhn',19,237735,116099,'2007-01-07 10:54:21',NULL,'http://maps.google.com/maps?q=ex227uh&z=15'),
 (853,'1/2583/2006/FUL','45 North Street\nNortham\nBideford\nEX39 1DH','EX39 1DH','Demolition of garage, erection of single storey extension to the side and rear, erection of first floor shower room over kitchen','http://www.torridge.gov.uk/publicaccess/tdc/DcApplication/application_detailview.aspx?caseno=J9UTSFQKP1000','http://tinyurl.com/ymyn32','http://www.torridge.gov.uk/publicaccess/tdc/DcApplication/application_comments_entryform.aspx?caseno=J9UTSFQKP1000','http://tinyurl.com/yazclm',19,245081,129132,'2007-01-07 10:54:29',NULL,'http://maps.google.com/maps?q=ex391dh&z=15');
INSERT INTO `planning`.`application` VALUES  (854,'1/2386/2006/FUL','Rowan Park Farm\nAshwater\nBeaworthy\nEX21 5DJ','EX21 5DJ','Free range poultry unit for laying hens','http://www.torridge.gov.uk/publicaccess/tdc/DcApplication/application_detailview.aspx?caseno=J8DDLNQKP1000','http://tinyurl.com/ye335q','http://www.torridge.gov.uk/publicaccess/tdc/DcApplication/application_comments_entryform.aspx?caseno=J8DDLNQKP1000','http://tinyurl.com/yl5h7y',19,239571,99497,'2007-01-07 10:54:32',NULL,'http://maps.google.com/maps?q=ex215dj&z=15'),
 (855,'07/0008/FULL','45 Rectory Road\nWorthing\nWest Sussex\nBN14 7PE','BN14 7PE','Single story extension to north elevation and roof extensions including half end gables to south and north elevations, three dormers to the west elevation and a cottage dormer to the east elevation.','http://planning.worthing.gov.uk/publicaccess/tdc/DcApplication/application_detailview.aspx?caseno=JB8Q4QRZB0000','http://tinyurl.com/yzdb72','http://planning.worthing.gov.uk/publicaccess/tdc/DcApplication/application_comments_entryform.aspx?caseno=JB8Q4QRZB0000','http://tinyurl.com/yeskmv',21,513353,104132,'2007-01-07 10:55:50',NULL,'http://maps.google.com/maps?q=bn147pe&z=15'),
 (856,'07/0004/FULL','39 Trent Road\nWorthing\nWest Sussex\nBN12 4EJ','BN12 4EJ','Single storey front extension.','http://planning.worthing.gov.uk/publicaccess/tdc/DcApplication/application_detailview.aspx?caseno=JB8P21RZB0000','http://tinyurl.com/yaeo9q','http://planning.worthing.gov.uk/publicaccess/tdc/DcApplication/application_comments_entryform.aspx?caseno=JB8P21RZB0000','http://tinyurl.com/yhh5by',21,512296,102855,'2007-01-07 10:55:54',NULL,'http://maps.google.com/maps?q=bn124ej&z=15');
INSERT INTO `planning`.`application` VALUES  (857,'06/1326/CLE','11 Gordon Road\nWorthing\nWest Sussex\nBN11 1DB','BN11 1DB','Application for a Certificate of Lawfulness for an existing rear extension and conservatory.','http://planning.worthing.gov.uk/publicaccess/tdc/DcApplication/application_detailview.aspx?caseno=J9HL77RZB0000','http://tinyurl.com/ydwequ','http://planning.worthing.gov.uk/publicaccess/tdc/DcApplication/application_comments_entryform.aspx?caseno=J9HL77RZB0000','http://tinyurl.com/ylyss5',21,514858,103144,'2007-01-07 10:55:57',NULL,'http://maps.google.com/maps?q=bn111db&z=15'),
 (858,'06/1324/FULL','52-54 Tarring Road\nWorthing\nWest Sussex\nBN11 4ET','BN11 4ET','Construction of a block of 3 flats and a cottage at the rear of 52 - 54 Tarring Road (in conjunction with approved use of existing property as 2 flats). (WB/05/1112/ARM refers).','http://planning.worthing.gov.uk/publicaccess/tdc/DcApplication/application_detailview.aspx?caseno=J9E1D6RZB0000','http://tinyurl.com/yfoqzw','http://planning.worthing.gov.uk/publicaccess/tdc/DcApplication/application_comments_entryform.aspx?caseno=J9E1D6RZB0000','http://tinyurl.com/ymr7k7',21,514227,103288,'2007-01-07 10:56:12',NULL,'http://maps.google.com/maps?q=bn114et&z=15'),
 (859,'06/0641/LBC','Courtlands\nParklands Avenue\nWorthing\nWest Sussex\nBN12 4NQ','BN12 4NQ','Application for Listed Building Consent for a two storey extension to north elevation with single storey link to existing office building, additional car parking and landscaping.','http://planning.worthing.gov.uk/publicaccess/tdc/DcApplication/application_detailview.aspx?caseno=J0HQO4RZB0000','http://tinyurl.com/ydhscd','http://planning.worthing.gov.uk/publicaccess/tdc/DcApplication/application_comments_entryform.aspx?caseno=J0HQO4RZB0000','http://tinyurl.com/ybpgkb',21,0,0,'2007-01-07 10:56:16',NULL,'http://maps.google.com/maps?q=bn124nq&z=15');
INSERT INTO `planning`.`application` VALUES  (860,'06/0640/FULL','Courtlands\nParklands Avenue\nWorthing\nWest Sussex\nBN12 4NQ','BN12 4NQ','Two storey extension to north elevation with single storey link to existing office building, additional car parking and landscaping.','http://planning.worthing.gov.uk/publicaccess/tdc/DcApplication/application_detailview.aspx?caseno=J0HQJMRZB0000','http://tinyurl.com/yfa74f','http://planning.worthing.gov.uk/publicaccess/tdc/DcApplication/application_comments_entryform.aspx?caseno=J0HQJMRZB0000','http://tinyurl.com/ymcl5n',21,0,0,'2007-01-07 10:56:23',NULL,'http://maps.google.com/maps?q=bn124nq&z=15'),
 (861,'07/00020/PLF','5 Farndale Road\nBridlington\nEast Riding Of Yorkshire\nYO16 6GT\n','YO16 6GT','Erection of conservatory to rear','http://www.eastriding.gov.uk/PublicAccess731c/dc/DcApplication/application_detailview.aspx?caseno=JB8WXIBJAH000','http://tinyurl.com/yg6dxg','http://www.eastriding.gov.uk/PublicAccess731c/dc/DcApplication/application_comments_entryform.aspx?caseno=JB8WXIBJAH000','http://tinyurl.com/y9ps4h',22,518437,469322,'2007-01-07 10:57:05',NULL,'http://maps.google.com/maps?q=yo166gt&z=15'),
 (862,'07/00017/PLF','Caracassa\nMain Road\nCamerton\nEast Riding Of Yorkshire\nHU12 9NG\n','HU12 9NG','Erection of conservatory to rear','http://www.eastriding.gov.uk/PublicAccess731c/dc/DcApplication/application_detailview.aspx?caseno=JB8VARBJAH000','http://tinyurl.com/ykcwmt','http://www.eastriding.gov.uk/PublicAccess731c/dc/DcApplication/application_comments_entryform.aspx?caseno=JB8VARBJAH000','http://tinyurl.com/ybz6tj',22,521308,426261,'2007-01-07 10:57:09',NULL,'http://maps.google.com/maps?q=hu129ng&z=15');
INSERT INTO `planning`.`application` VALUES  (863,'07/00011/PLF','9 Hornsea Burton Road\nHornsea\nEast Riding Of Yorkshire\nHU18 1TP\n','HU18 1TP','Erection of single storey extension and detached garage at rear and construction of dormer window in roof at rear','http://www.eastriding.gov.uk/PublicAccess731c/dc/DcApplication/application_detailview.aspx?caseno=JB8QJIBJ0I000','http://tinyurl.com/yzkkur','http://www.eastriding.gov.uk/PublicAccess731c/dc/DcApplication/application_comments_entryform.aspx?caseno=JB8QJIBJ0I000','http://tinyurl.com/yf2udn',22,520626,447211,'2007-01-07 10:57:15',NULL,'http://maps.google.com/maps?q=hu181tp&z=15'),
 (864,'07/00009/PLF','7 Craikewells\nFlamborough\nEast Riding Of Yorkshire\nYO15 1QH\n','YO15 1QH','Erection of single storey extension to rear','http://www.eastriding.gov.uk/PublicAccess731c/dc/DcApplication/application_detailview.aspx?caseno=JB8PEUBJAH000','http://tinyurl.com/ye6ohm','http://www.eastriding.gov.uk/PublicAccess731c/dc/DcApplication/application_comments_entryform.aspx?caseno=JB8PEUBJAH000','http://tinyurl.com/yl95zu',22,522628,470908,'2007-01-07 10:57:20',NULL,'http://maps.google.com/maps?q=yo151qh&z=15'),
 (865,'07/00008/PLF','75 Butterfly Meadows\nMolescroft\nEast Riding Of Yorkshire\nHU17 9GB\n','HU17 9GB','Erection of a two storey extension to side and alterations to vehicular access (Re submission 06/06916/PLF)','http://www.eastriding.gov.uk/PublicAccess731c/dc/DcApplication/application_detailview.aspx?caseno=JB8PENBJ0I000','http://tinyurl.com/ycecpk','http://www.eastriding.gov.uk/PublicAccess731c/dc/DcApplication/application_comments_entryform.aspx?caseno=JB8PENBJ0I000','http://tinyurl.com/yjgqqs',22,503235,440957,'2007-01-07 10:57:24',NULL,'http://maps.google.com/maps?q=hu179gb&z=15');
INSERT INTO `planning`.`application` VALUES  (866,'07/00007/PLF','4 Standage Road\nThorngumbald\nEast Riding Of Yorkshire\nHU12 9PH','HU12 9PH','Erection of single storey extension to rear','http://www.eastriding.gov.uk/PublicAccess731c/dc/DcApplication/application_detailview.aspx?caseno=JB8OLOBJAH000','http://tinyurl.com/ynyhaw','http://www.eastriding.gov.uk/PublicAccess731c/dc/DcApplication/application_comments_entryform.aspx?caseno=JB8OLOBJAH000','http://tinyurl.com/ya7ejy',22,520733,426150,'2007-01-07 10:57:28',NULL,'http://maps.google.com/maps?q=hu129ph&z=15'),
 (867,'06/10035/PLF','18 Highfield\nWithernsea\nEast Riding Of Yorkshire\nHU19 2LL\n','HU19 2LL','Erection of conservatory to the rear, retention of metal fencing and gates to front and side','http://www.eastriding.gov.uk/PublicAccess731c/dc/DcApplication/application_detailview.aspx?caseno=JAH6R6BJDI000','http://tinyurl.com/yh9sk9','http://www.eastriding.gov.uk/PublicAccess731c/dc/DcApplication/application_comments_entryform.aspx?caseno=JAH6R6BJDI000','http://tinyurl.com/ykrj4d',22,534277,427224,'2007-01-07 10:57:34',NULL,'http://maps.google.com/maps?q=hu192ll&z=15'),
 (868,'06/10025/PLF','73 All Hallows Road\nWalkington\nEast Riding Of Yorkshire\nHU17 8SH','HU17 8SH','Erection of garden shed/workshop at the rear','http://www.eastriding.gov.uk/PublicAccess731c/dc/DcApplication/application_detailview.aspx?caseno=JAGXYEBJDI000','http://tinyurl.com/ybwqb3','http://www.eastriding.gov.uk/PublicAccess731c/dc/DcApplication/application_comments_entryform.aspx?caseno=JAGXYEBJDI000','http://tinyurl.com/yj27cb',22,499962,436956,'2007-01-07 10:57:40',NULL,'http://maps.google.com/maps?q=hu178sh&z=15');
INSERT INTO `planning`.`application` VALUES  (869,'06/09981/PLF','The Paddock\n35 Northfield Road\nWetwang\nEast Riding Of Yorkshire\nYO25 9XY\n','YO25 9XY','Erection of dormer windows at front and rear and pitched roof over garage','http://www.eastriding.gov.uk/PublicAccess731c/dc/DcApplication/application_detailview.aspx?caseno=JAB9YXBJDI000','http://tinyurl.com/ymjutf','http://www.eastriding.gov.uk/PublicAccess731c/dc/DcApplication/application_comments_entryform.aspx?caseno=JAB9YXBJDI000','http://tinyurl.com/yz6yga',22,493048,459140,'2007-01-07 10:57:45',NULL,'http://maps.google.com/maps?q=yo259xy&z=15'),
 (870,'06/09882/PLF','27 Southgate\nHutton Cranswick\nEast Riding Of Yorkshire\nYO25 9QX','YO25 9QX','Erection of single storey extension at rear','http://www.eastriding.gov.uk/PublicAccess731c/dc/DcApplication/application_detailview.aspx?caseno=JA7HY3BJDI000','http://tinyurl.com/yjvd8c','http://www.eastriding.gov.uk/PublicAccess731c/dc/DcApplication/application_comments_entryform.aspx?caseno=JA7HY3BJDI000','http://tinyurl.com/ygdmo8',22,502566,451965,'2007-01-07 10:57:52',NULL,'http://maps.google.com/maps?q=yo259qx&z=15'),
 (871,'06/04276/FUL','143 Crownstone Road\nLondon\nSW2 1NB\n','SW2 1NB','Conversion of ground floor work area within existing live work unit to a two-bedroom self contained unit with the formation of a new side acess door and installation of new windows to the side elevation at ground floor level.','http://planning.lambeth.gov.uk/publicaccess/dc/DcApplication/application_detailview.aspx?caseno=JAH9NNBOO7000','http://tinyurl.com/y7wxxc','http://planning.lambeth.gov.uk/publicaccess/dc/DcApplication/application_comments_entryform.aspx?caseno=JAH9NNBOO7000','http://tinyurl.com/tfmzw',1,531064,174763,'2007-01-07 16:59:55',NULL,'http://maps.google.com/maps?q=sw21nb&z=15');
INSERT INTO `planning`.`application` VALUES  (872,'06/04262/FUL','32 Tooting Bec Gardens\nLondon\nSW16 1RB\n','SW16 1RB','Change of Use from Guest House ( Class C1) to Residential (Class C3) with conversion of property into six self contained flats comprising 1-one bed, 1-three bed and 4-two bed units involving the excavation of the basement with front, side and rear lightwells with railings, along with the removal of side door and replacement of rear window with double doors, retention of three forecourt car parking spaces.','http://planning.lambeth.gov.uk/publicaccess/dc/DcApplication/application_detailview.aspx?caseno=JAH50QBOO7000','http://tinyurl.com/y7kyz5','http://planning.lambeth.gov.uk/publicaccess/dc/DcApplication/application_comments_entryform.aspx?caseno=JAH50QBOO7000','http://tinyurl.com/vp8os',1,529861,171793,'2007-01-07 17:00:06',NULL,'http://maps.google.com/maps?q=sw161rb&z=15'),
 (873,'06/04281/LDCP','19 Cleaver Square\nLondon\nSE11 4DW\n','SE11 4DW','Application for a Certificate of Lawful Development (Proposed) in respect to the Installation of new window in basement pantry, replacement of existing staircase to basement, excavation of part of the retaining wall to provide a bin storage area at the front of the property at basement level, removal of window in utility room at basement level, underpinning existing utility room walls and brickwork to be cleaned, excavation of existing outhouse floor and area of rear garden to make level with existing basement floor, lowering of existing utility room door at basement level, form opening in existing dining room wall, erection of basement level single storey extension to enclose existing outhouse and area of rear garden, replacement of basement utility room roof covering with plasterboard ceiling, existing parapet to be retained and repointed, replacement of existing window on the rear elevation at first floor level, removal of MDF shutters on front and rear windows at first floor level,  demolition of existing partition and new layout to bathroom, removal of window and lintel on the rear elevation at first floor level and replacement with a new frameless window, relocation of original door to storage in master bedroom, demolition of existing partition to storage in master bedroom, installation of new ensuite bathroom, and construction of partition to storage areas, installation of rear dormer and a rooflight and removal of existing rooflight, installation of new services and central heating to first and second floors, reconstruction of parts of the existing roof to match existing and removal of pipes on the rear elevation and installation of new pipes.\n','http://planning.lambeth.gov.uk/publicaccess/dc/DcApplication/application_detailview.aspx?caseno=JAHCOEBON5000','http://tinyurl.com/y9cda7','http://planning.lambeth.gov.uk/publicaccess/dc/DcApplication/application_comments_entryform.aspx?caseno=JAHCOEBON5000','http://tinyurl.com/y2feqq',1,531396,178197,'2007-01-07 17:00:13',NULL,'http://maps.google.com/maps?q=se114dw&z=15'),
 (874,'06/03952/LB','19 Cleaver Square\nLondon\nSE11 4DW\n','SE11 4DW','Installation of new window in basement pantry, replacement of existing staircase to basement, excavation of part of the retaining wall to provide a bin storage area at the front of the property at basement level, removal of window in utility room at basement level, underpinning existing utility room walls and brickwork to be cleaned, excavation of existing outhouse floor and area of rear garden to make level with existing basement floor, lowering of existing utility room door at basement level, form opening in existing dining room wall, erection of basement level single storey extension to enclose existing outhouse and area of rear garden, replacement of basement utility room roof covering with plasterboard ceiling, existing parapet to be retained and repointed, replacement of existing window on the rear elevation at first floor level, removal of MDF shutters on front and rear windows at first floor level,  demolition of existing partition and new layout to bathroom, removal of window and lintel on the rear elevation at first floor level and replacement with a new frameless window, relocation of original door to storage in master bedroom, demolition of existing partition to storage in master bedroom, installation of new ensuite bathroom, and construction of partition to storage areas, installation of rear dormer and a rooflight and removal of existing rooflight, installation of new services and central heating to first and second floors, reconstruction of parts of the existing roof to match existing and removal of pipes on the rear elevation and installation of new pipes.\n','http://planning.lambeth.gov.uk/publicaccess/dc/DcApplication/application_detailview.aspx?caseno=J954EPBOQ8000','http://tinyurl.com/u5chk','http://planning.lambeth.gov.uk/publicaccess/dc/DcApplication/application_comments_entryform.aspx?caseno=J954EPBOQ8000','http://tinyurl.com/yxn3yo',1,531396,178197,'2007-01-07 17:00:18',NULL,'http://maps.google.com/maps?q=se114dw&z=15');
INSERT INTO `planning`.`application` VALUES  (875,'06/03660/FUL','11 Greyhound Lane\nLondon\nSW16 5NP\n','SW16 5NP','Change of use of property from Retail (Use Class A1) to Take away (Use Class A5) along with installation of extract flue to rear elevation.','http://planning.lambeth.gov.uk/publicaccess/dc/DcApplication/application_detailview.aspx?caseno=J81NJBBOL8000','http://tinyurl.com/vyzdl','http://planning.lambeth.gov.uk/publicaccess/dc/DcApplication/application_comments_entryform.aspx?caseno=J81NJBBOL8000','http://tinyurl.com/y53wet',1,529813,170531,'2007-01-07 17:00:25',NULL,'http://maps.google.com/maps?q=sw165np&z=15'),
 (876,'081803/FH/2007/S2','23 Dalston Drive\nDidsbury\nManchester\nM20 5LD\n','M20 5LD','Erection of first floor rear extension to form additional living accommodation','http://www.publicaccess.manchester.gov.uk/publicaccess/tdc/DcApplication/application_detailview.aspx?caseno=JB8LQ6BC70000','http://tinyurl.com/t3o3p','http://www.publicaccess.manchester.gov.uk/publicaccess/tdc/DcApplication/application_comments_entryform.aspx?caseno=JB8LQ6BC70000','http://tinyurl.com/y3655x',2,385038,390770,'2007-01-07 17:01:17',NULL,'http://maps.google.com/maps?q=m205ld&z=15'),
 (877,'DC/07/0010','7 Pound Lane\nUpper Beeding\nSteyning\nWest Sussex\nBN44 3JF','BN44 3JF','2-Storey side extension','http://publicaccess.horsham.gov.uk/publicaccess/tdc/DcApplication/application_detailview.aspx?caseno=JBAW2ZIJA0000','http://tinyurl.com/yxucpg','http://publicaccess.horsham.gov.uk/publicaccess/tdc/DcApplication/application_comments_entryform.aspx?caseno=JBAW2ZIJA0000','http://tinyurl.com/y7wqqo',4,519641,110667,'2007-01-07 17:01:42',NULL,'http://maps.google.com/maps?q=bn443jf&z=15');
INSERT INTO `planning`.`application` VALUES  (878,'DC/06/2965','Villa Adagio\nNewhouse Lane\nStorrington\nPulborough\nWest Sussex\nRH20 3HQ\n','RH20 3HQ','Single storey extension to kitchen and garage','http://publicaccess.horsham.gov.uk/publicaccess/tdc/DcApplication/application_detailview.aspx?caseno=JAGRH4IJK0000','http://tinyurl.com/yl8gx6','http://publicaccess.horsham.gov.uk/publicaccess/tdc/DcApplication/application_comments_entryform.aspx?caseno=JAGRH4IJK0000','http://tinyurl.com/ycdn6t',4,511292,115229,'2007-01-07 17:01:48',NULL,'http://maps.google.com/maps?q=rh203hq&z=15'),
 (879,'DC/06/2910','Bradstock\nOak Lane\nBroadbridge Heath\nHorsham\nWest Sussex\nRH12 3NX','RH12 3NX','Erection of detached garage','http://publicaccess.horsham.gov.uk/publicaccess/tdc/DcApplication/application_detailview.aspx?caseno=J9WPN6IJK0000','http://tinyurl.com/yjg484','http://publicaccess.horsham.gov.uk/publicaccess/tdc/DcApplication/application_comments_entryform.aspx?caseno=J9WPN6IJK0000','http://tinyurl.com/yfvdox',4,515083,131184,'2007-01-07 17:01:53',NULL,'http://maps.google.com/maps?q=rh123nx&z=15'),
 (880,'07/00004/FUL','2 Fountain Cottages \nHigh Beech Lane\nLindfield\nHaywards Heath\nWest Sussex\nRH16 1XX','RH16 1XX','Two storey side extension and single storey rear extension','http://dc.midsussex.gov.uk/PublicAccess/tdc/DcApplication/application_detailview.aspx?caseno=JBA9I2KT32000','http://tinyurl.com/ybw3pc','http://dc.midsussex.gov.uk/PublicAccess/tdc/DcApplication/application_comments_entryform.aspx?caseno=JBA9I2KT32000','http://tinyurl.com/yfgr9g',5,533949,126863,'2007-01-07 17:02:16',NULL,'http://maps.google.com/maps?q=rh161xx&z=15');
INSERT INTO `planning`.`application` VALUES  (881,'06/02733/FUL','61 Cuckfield Road\nHurstpierpoint\nHassocks\nWest Sussex\nBN6 9RR','BN6 9RR','Single storey front extension and existing main roof extended to form new gable roof.  Pitched dormer window to rear elevation.','http://dc.midsussex.gov.uk/PublicAccess/tdc/DcApplication/application_detailview.aspx?caseno=JAB6MMKT32000','http://tinyurl.com/ymj8ao','http://dc.midsussex.gov.uk/PublicAccess/tdc/DcApplication/application_comments_entryform.aspx?caseno=JAB6MMKT32000','http://tinyurl.com/yb2utb',5,528009,116919,'2007-01-07 17:02:29',NULL,'http://maps.google.com/maps?q=bn69rr&z=15'),
 (882,'06/02182/FUL','12 The Oaks\nEast Grinstead\nWest Sussex\nRH19 3QJ','RH19 3QJ','Proposed first floor extension over garage and new rear conservatory','http://dc.midsussex.gov.uk/PublicAccess/tdc/DcApplication/application_detailview.aspx?caseno=J70S1IKT32000','http://tinyurl.com/yekldf','http://dc.midsussex.gov.uk/PublicAccess/tdc/DcApplication/application_comments_entryform.aspx?caseno=J70S1IKT32000','http://tinyurl.com/yln2en',5,540492,137920,'2007-01-07 17:02:33',NULL,'http://maps.google.com/maps?q=rh193qj&z=15'),
 (883,'06/01111/FUL','89 Downhall Road\nRayleigh\nEssex\nSS6 9JX','SS6 9JX','Demolition of Existing Property and Creation of One Block Containing 7 No. Flats and 1 No. Detached Dwelling House. Vehicular Access to the Flats off Lakeside to a Car Park Court (10 Spaces) Vehicular Access to Dwelling House off Lakeside (2 Spaces)','http://62.173.68.168/publicaccess/dc/DcApplication/application_detailview.aspx?caseno=JAVQSBNC96000','http://tinyurl.com/yevjg3','http://62.173.68.168/publicaccess/dc/DcApplication/application_comments_entryform.aspx?caseno=JAVQSBNC96000','http://tinyurl.com/ymyxhb',8,580625,191717,'2007-01-07 17:02:56',NULL,'http://maps.google.com/maps?q=ss69jx&z=15');
INSERT INTO `planning`.`application` VALUES  (884,'06/01075/FUL','64 Louis Drive\nRayleigh\nEssex\nSS6 9DX\n','SS6 9DX','Hip to Gable Roof Extension to Create Rooms in the Roof Incorporating 2 No. Pitched Roofed Dormers and Rooflight to Front and Flat Roofed Dormer to Rear.','http://62.173.68.168/publicaccess/dc/DcApplication/application_detailview.aspx?caseno=JA3XVMNCS7000','http://tinyurl.com/ye2dk2','http://62.173.68.168/publicaccess/dc/DcApplication/application_comments_entryform.aspx?caseno=JA3XVMNCS7000','http://tinyurl.com/yl4rla',8,579451,191475,'2007-01-07 17:03:02',NULL,'http://maps.google.com/maps?q=ss69dx&z=15'),
 (885,'07/00011/TPO','Slade House And Abell House\nSlade Hospital\nHorspath Driftway\nOxford\nOxfordshire\nOX3 7JH\n','OX3 7JH','Fell x 1 prunus and other tree works as specified in Nicholson Report of August 2006 at Slade and Abell House subject to Oxford City Council - Horspath Driftway, Eastern Bypass (No. 1) TPO 1994','http://uniformpublicaccess.oxford.gov.uk/publicaccess/tdc/DcApplication/application_detailview.aspx?caseno=JBARP2MF58000','http://tinyurl.com/yg9bql','http://uniformpublicaccess.oxford.gov.uk/publicaccess/tdc/DcApplication/application_comments_entryform.aspx?caseno=JBARP2MF58000','http://tinyurl.com/ynbprt',9,455423,205276,'2007-01-07 17:05:04',NULL,'http://maps.google.com/maps?q=ox37jh&z=15'),
 (886,'07/00010/CAT','7 Arthur Garrard Close\nOxford\nOxfordshire\nOX2 6EU','OX2 6EU','Prune eucalyptus tree to give 2.5 m clearance to adjacent buildings and crown lift by removal of x 5 lateral branches at 7 Arthur Garrard Close in the Walton Street Conservation Area','http://uniformpublicaccess.oxford.gov.uk/publicaccess/tdc/DcApplication/application_detailview.aspx?caseno=JBAQLQMF58000','http://tinyurl.com/ygv7vu','http://uniformpublicaccess.oxford.gov.uk/publicaccess/tdc/DcApplication/application_comments_entryform.aspx?caseno=JBAQLQMF58000','http://tinyurl.com/yddheq',9,450778,207342,'2007-01-07 17:05:09',NULL,'http://maps.google.com/maps?q=ox26eu&z=15');
INSERT INTO `planning`.`application` VALUES  (887,'07/00008/CAT','100 Temple Road\nOxford\nOxfordshire\nOX4 2EZ','OX4 2EZ','Prune x 2 mature apple trees at 100 Temple Road in the Temple Cowley Conservation Area','http://uniformpublicaccess.oxford.gov.uk/publicaccess/tdc/DcApplication/application_detailview.aspx?caseno=JBAKENMF58000','http://tinyurl.com/ybl5mo','http://uniformpublicaccess.oxford.gov.uk/publicaccess/tdc/DcApplication/application_comments_entryform.aspx?caseno=JBAKENMF58000','http://tinyurl.com/yznjnw',9,454493,204487,'2007-01-07 17:05:17',NULL,'http://maps.google.com/maps?q=ox42ez&z=15'),
 (888,'07/00006/FUL','17 The Grates\nOxford\nOxfordshire\nOX4 3LJ','OX4 3LJ','Single and two storey rear extension, loft conversion with roof dormers to side and rear','http://uniformpublicaccess.oxford.gov.uk/publicaccess/tdc/DcApplication/application_detailview.aspx?caseno=JBAE34MF24000','http://tinyurl.com/yaowqn','http://uniformpublicaccess.oxford.gov.uk/publicaccess/tdc/DcApplication/application_comments_entryform.aspx?caseno=JBAE34MF24000','http://tinyurl.com/yhrdrv',9,454172,203808,'2007-01-07 17:05:26',NULL,'http://maps.google.com/maps?q=ox43lj&z=15'),
 (889,'07/00005/FUL','270 Iffley Road\nOxford\nOxfordshire\nOX4 4AA','OX4 4AA','Two storey side, and two and single storey rear extension with decking','http://uniformpublicaccess.oxford.gov.uk/publicaccess/tdc/DcApplication/application_detailview.aspx?caseno=JBACOBMF24000','http://tinyurl.com/ye9nar','http://uniformpublicaccess.oxford.gov.uk/publicaccess/tdc/DcApplication/application_comments_entryform.aspx?caseno=JBACOBMF24000','http://tinyurl.com/ylc4c2',9,452835,204862,'2007-01-07 17:05:32',NULL,'http://maps.google.com/maps?q=ox44aa&z=15');
INSERT INTO `planning`.`application` VALUES  (890,'07/00004/CT3','Regal Community Centre\nRidgefield Road\nOxford\nOxfordshire\nOX4 3BY\n','OX4 3BY','Erection of 1.2m fence and gates','http://uniformpublicaccess.oxford.gov.uk/publicaccess/tdc/DcApplication/application_detailview.aspx?caseno=JB90SYMF24000','http://tinyurl.com/yg222t','http://uniformpublicaccess.oxford.gov.uk/publicaccess/tdc/DcApplication/application_comments_entryform.aspx?caseno=JB90SYMF24000','http://tinyurl.com/yn4g44',9,453513,205031,'2007-01-07 17:05:35',NULL,'http://maps.google.com/maps?q=ox43by&z=15'),
 (891,'07/00003/FUL','2 Maidcroft Road\nOxford\nOxfordshire\nOX4 3EN','OX4 3EN','Two storey rear and single storey side extension','http://uniformpublicaccess.oxford.gov.uk/publicaccess/tdc/DcApplication/application_detailview.aspx?caseno=JB938OMFWC000','http://tinyurl.com/yaadc6','http://uniformpublicaccess.oxford.gov.uk/publicaccess/tdc/DcApplication/application_comments_entryform.aspx?caseno=JB938OMFWC000','http://tinyurl.com/yhcrde',9,453976,204328,'2007-01-07 17:05:42',NULL,'http://maps.google.com/maps?q=ox43en&z=15'),
 (892,'07/00001/FUL','35 Southfield Road\nOxford\nOxfordshire\nOX4 1NX','OX4 1NX','Single storey rear extension','http://uniformpublicaccess.oxford.gov.uk/publicaccess/tdc/DcApplication/application_detailview.aspx?caseno=JB900VMFWC000','http://tinyurl.com/ykuhuz','http://uniformpublicaccess.oxford.gov.uk/publicaccess/tdc/DcApplication/application_comments_entryform.aspx?caseno=JB900VMFWC000','http://tinyurl.com/yj565g',9,453336,205542,'2007-01-07 17:05:50',NULL,'http://maps.google.com/maps?q=ox41nx&z=15');
INSERT INTO `planning`.`application` VALUES  (893,'06/02639/FUL','11 William Street\nOxford\nOxfordshire\nOX3 0ES\n','OX3 0ES','Single storey rear conservatory extension','http://uniformpublicaccess.oxford.gov.uk/publicaccess/tdc/DcApplication/application_detailview.aspx?caseno=JAOKV3MF24000','http://tinyurl.com/yfkflc','http://uniformpublicaccess.oxford.gov.uk/publicaccess/tdc/DcApplication/application_comments_entryform.aspx?caseno=JAOKV3MF24000','http://tinyurl.com/ymmtmk',9,453002,207044,'2007-01-07 17:05:57',NULL,'http://maps.google.com/maps?q=ox30es&z=15'),
 (894,'S/07/0003','The Grove\nDrove Road\nSwindon\nWilts\nSN1 3AG','SN1 3AG','Erection of a single storey extension to restaurant, new porch and lobby with ramp access and new patio area with jumbrellas.','http://194.73.99.13/publicaccess/tdc/DcApplication/application_detailview.aspx?caseno=JB8KHGPTV4000','http://tinyurl.com/t344c','http://194.73.99.13/publicaccess/tdc/DcApplication/application_comments_entryform.aspx?caseno=JB8KHGPTV4000','http://tinyurl.com/y35z5k',11,415722,184171,'2007-01-07 17:06:25',NULL,'http://maps.google.com/maps?q=sn13ag&z=15'),
 (895,'S/06/3022','28 Tithe Barn Crescent\nSwindon\nWiltshire\nSN1 4JX','SN1 4JX','Installation of wind turbine onto gable wall of dwelling.','http://194.73.99.13/publicaccess/tdc/DcApplication/application_detailview.aspx?caseno=J9UMKHPT97000','http://tinyurl.com/y4utum','http://194.73.99.13/publicaccess/tdc/DcApplication/application_comments_entryform.aspx?caseno=J9UMKHPT97000','http://tinyurl.com/y8fkeq',11,414038,183451,'2007-01-07 17:06:32',NULL,'http://maps.google.com/maps?q=sn14jx&z=15');
INSERT INTO `planning`.`application` VALUES  (896,'07/54009/FUL','Land Adjacent To Metroplex Business Park\nBroadway\nSalford\nM5 2UE\n','M5 2UE','Erection of a four storey office building together with associated car parking and alteration to existing vehicular access','http://publicaccess.salford.gov.uk/publicaccess/dc/DcApplication/application_detailview.aspx?caseno=JBAHYLNP40000','http://tinyurl.com/y6e4qy','http://publicaccess.salford.gov.uk/publicaccess/dc/DcApplication/application_comments_entryform.aspx?caseno=JBAHYLNP40000','http://tinyurl.com/ujbwo',13,379666,397678,'2007-01-07 17:08:04',NULL,'http://maps.google.com/maps?q=m52ue&z=15'),
 (897,'07/54007/ADV','Pavement Outside 66 Langley Road\nPendlebury\nSwinton\nM27 2SS\n','M27 2SS','Display of one 48 sheet advertisement display panel with associated works','http://publicaccess.salford.gov.uk/publicaccess/dc/DcApplication/application_detailview.aspx?caseno=JB8UYGNP40000','http://tinyurl.com/y86gz3','http://publicaccess.salford.gov.uk/publicaccess/dc/DcApplication/application_comments_entryform.aspx?caseno=JB8UYGNP40000','http://tinyurl.com/y3pk4v',13,0,0,'2007-01-07 17:08:13',NULL,'http://maps.google.com/maps?q=m272ss&z=15'),
 (898,'07/54006/FUL','383 Lower Broughton Road\nSalford\nM7 2HR\n','M7 2HR','Demolition of existing dwelling and erection of a terrace of four dwellings together with associated car parking and construction of new vehicular access','http://publicaccess.salford.gov.uk/publicaccess/dc/DcApplication/application_detailview.aspx?caseno=JB8T72NP40000','http://tinyurl.com/yx7tkr','http://publicaccess.salford.gov.uk/publicaccess/dc/DcApplication/application_comments_entryform.aspx?caseno=JB8T72NP40000','http://tinyurl.com/y7aam2',13,382147,400416,'2007-01-07 17:08:16',NULL,'http://maps.google.com/maps?q=m72hr&z=15');
INSERT INTO `planning`.`application` VALUES  (899,'06/54005/FUL','13 The Polygon\nEccles\nM30 0DS\n','M30 0DS','Erection of external staircase, porch canopy and landing in front of platform lift','http://publicaccess.salford.gov.uk/publicaccess/dc/DcApplication/application_detailview.aspx?caseno=JAMP39NPN1000','http://tinyurl.com/vfhsp','http://publicaccess.salford.gov.uk/publicaccess/dc/DcApplication/application_comments_entryform.aspx?caseno=JAMP39NPN1000','http://tinyurl.com/y5hvux',13,378004,398967,'2007-01-07 17:08:21',NULL,'http://maps.google.com/maps?q=m300ds&z=15'),
 (900,'006/53885/ADV','Lidl\n2 Woodrow Way\nIrlam\nMANCHESTER\nM44 6NN\n','M44 6NN','Display of a 48 sheet advertisement hoarding','http://publicaccess.salford.gov.uk/publicaccess/dc/DcApplication/application_detailview.aspx?caseno=J9JTNYNPB0000','http://tinyurl.com/sjngu','http://publicaccess.salford.gov.uk/publicaccess/dc/DcApplication/application_comments_entryform.aspx?caseno=J9JTNYNPB0000','http://tinyurl.com/y2m4z5',13,371874,393708,'2007-01-07 17:08:29',NULL,'http://maps.google.com/maps?q=m446nn&z=15'),
 (901,'06/01548/FUL','1 Boston Avenue\nReading\nBerkshire\nRG1 6JU','RG1 6JU','Two storey side and single storey rear extension plus rear conservatory','http://planning.reading.gov.uk/publicaccess/tdc/DcApplication/application_detailview.aspx?caseno=JAH6U3MSX1000','http://tinyurl.com/ty9ve','http://planning.reading.gov.uk/publicaccess/tdc/DcApplication/application_comments_entryform.aspx?caseno=JAH6U3MSX1000','http://tinyurl.com/y33nwm',26,470950,172511,'2007-01-07 17:09:05',NULL,'http://maps.google.com/maps?q=rg16ju&z=15');
INSERT INTO `planning`.`application` VALUES  (902,'06/01531/ADV','6B Church Street\nReading\nBerkshire\nRG1 2SB','RG1 2SB','Non-illuminated hanging sign','http://planning.reading.gov.uk/publicaccess/tdc/DcApplication/application_detailview.aspx?caseno=JA9HYZMSO3000','http://tinyurl.com/uqlng','http://planning.reading.gov.uk/publicaccess/tdc/DcApplication/application_comments_entryform.aspx?caseno=JA9HYZMSO3000','http://tinyurl.com/y4t2oo',26,471728,172978,'2007-01-07 17:09:10',NULL,'http://maps.google.com/maps?q=rg12sb&z=15'),
 (903,'07/05006/FUL','55 Georges Hill\nWidmer End\nBuckinghamshire\nHP15 6BH\n','HP15 6BH','Insertion of front window to replace garage door in connection with garage conversion to living accommodation','http://planningpa.wycombe.gov.uk/PublicAccess/tdc/DcApplication/application_detailview.aspx?caseno=JB911MSCP9000','http://tinyurl.com/y7hkcr','http://planningpa.wycombe.gov.uk/PublicAccess/tdc/DcApplication/application_comments_entryform.aspx?caseno=JB911MSCP9000','http://tinyurl.com/vmrjh',15,488806,196890,'2007-01-07 17:09:55',NULL,'http://maps.google.com/maps?q=hp156bh&z=15'),
 (904,'07/05005/FUL','7 Terry Road\nHigh Wycombe\nBuckinghamshire\nHP13 6QJ\n','HP13 6QJ','Erection of two storey side/single storey rear extension, attached double garage, creation of new access and greenhouse to rear (alternative scheme to PP 06/06134/FUL and PP 06/07154/FUL)','http://planningpa.wycombe.gov.uk/PublicAccess/tdc/DcApplication/application_detailview.aspx?caseno=JB90NHSCZC000','http://tinyurl.com/y27z3l','http://planningpa.wycombe.gov.uk/PublicAccess/tdc/DcApplication/application_comments_entryform.aspx?caseno=JB90NHSCZC000','http://tinyurl.com/sg25y',15,487363,193761,'2007-01-07 17:10:00',NULL,'http://maps.google.com/maps?q=hp136qj&z=15');
INSERT INTO `planning`.`application` VALUES  (905,'07/05004/LBC','Flint Cottage\nFrieth Hill\nFrieth\nBuckinghamshire\nRG9 6PL\n','RG9 6PL','Demolition of existing single storey extension and construction of new single storey side extension and associated minor internal and external works (alternative scheme to PP 06/0512/LBC)','http://planningpa.wycombe.gov.uk/PublicAccess/tdc/DcApplication/application_detailview.aspx?caseno=JB8UG3SCZC000','http://tinyurl.com/wxpm5','http://planningpa.wycombe.gov.uk/PublicAccess/tdc/DcApplication/application_comments_entryform.aspx?caseno=JB8UG3SCZC000','http://tinyurl.com/y636nd',15,479706,190271,'2007-01-07 17:10:06',NULL,'http://maps.google.com/maps?q=rg96pl&z=15'),
 (906,'07/05003/FUL','Flint Cottage\nFrieth Hill\nFrieth\nBuckinghamshire\nRG9 6PL\n','RG9 6PL','Demolition of existing single storey extension and construction of new single storey side extension (part retrospective) and alterations to provide walled terrace (alternative scheme to PP 06/05016/FUL)','http://planningpa.wycombe.gov.uk/PublicAccess/tdc/DcApplication/application_detailview.aspx?caseno=JB8U2RSCZC000','http://tinyurl.com/u8du3','http://planningpa.wycombe.gov.uk/PublicAccess/tdc/DcApplication/application_comments_entryform.aspx?caseno=JB8U2RSCZC000','http://tinyurl.com/y4arvb',15,479706,190271,'2007-01-07 17:10:12',NULL,'http://maps.google.com/maps?q=rg96pl&z=15'),
 (907,'07/05001/FUL','West Wycombe Shooting Ground\nPark Lane\nLane End\nBuckinghamshire\nHP14 3ED\n','HP14 3ED','Erection of B8 (storage) building for use in connection with existing shooting ground','http://planningpa.wycombe.gov.uk/PublicAccess/tdc/DcApplication/application_detailview.aspx?caseno=JB8KOXSCZC000','http://tinyurl.com/y7szff','http://planningpa.wycombe.gov.uk/PublicAccess/tdc/DcApplication/application_comments_entryform.aspx?caseno=JB8KOXSCZC000','http://tinyurl.com/tc8y2',15,481125,192249,'2007-01-07 17:10:16',NULL,'http://maps.google.com/maps?q=hp143ed&z=15');
INSERT INTO `planning`.`application` VALUES  (908,'07/05000/FUL','West Wycombe Shooting Ground\nPark Lane\nLane End\nBuckinghamshire\nHP14 3ED\n','HP14 3ED','Erection of two storey and single storey extensions to shooting lodge (alternative scheme to PP 00/07852/FUL extended under PP 05/06831/FUL)','http://planningpa.wycombe.gov.uk/PublicAccess/tdc/DcApplication/application_detailview.aspx?caseno=JB8K8CSCZC000','http://tinyurl.com/yymaa8','http://planningpa.wycombe.gov.uk/PublicAccess/tdc/DcApplication/application_comments_entryform.aspx?caseno=JB8K8CSCZC000','http://tinyurl.com/y8oobg',15,481125,192249,'2007-01-07 17:10:31',NULL,'http://maps.google.com/maps?q=hp143ed&z=15'),
 (909,'07/00003/FUL','43 Norman Road\nDartford\nKent\nDA1 1LE','DA1 1LE','Installation of a wind turbine at roof level on rear elevation together with provision of 2 solar panels on front roof elevation','http://publicaccess.dartford.gov.uk/publicaccess/tdc/DcApplication/application_detailview.aspx?caseno=JBAD15BQL0000','http://tinyurl.com/ykglyp','http://publicaccess.dartford.gov.uk/publicaccess/tdc/DcApplication/application_comments_entryform.aspx?caseno=JBAD15BQL0000','http://tinyurl.com/ybls8f',18,554186,173134,'2007-01-07 17:11:47',NULL,'http://maps.google.com/maps?q=da11le&z=15'),
 (910,'06/01396/FUL','11 Lonsdale Crescent\nDarenth\nKent\nDA2 6LQ','DA2 6LQ','Erection of a rear conservatory','http://publicaccess.dartford.gov.uk/publicaccess/tdc/DcApplication/application_detailview.aspx?caseno=JAGVIEBQG3000','http://tinyurl.com/yzo99n','http://publicaccess.dartford.gov.uk/publicaccess/tdc/DcApplication/application_comments_entryform.aspx?caseno=JAGVIEBQG3000','http://tinyurl.com/yf6zpj',18,556434,173084,'2007-01-07 17:12:02',NULL,'http://maps.google.com/maps?q=da26lq&z=15');
INSERT INTO `planning`.`application` VALUES  (911,'1/0006/2007/AGR','East Wonford Farm\nMilton Damerel\nHolsworthy\nEX22 7DP\n','EX22 7DP','Erection of small building for water storage tank','http://www.torridge.gov.uk/publicaccess/tdc/DcApplication/application_detailview.aspx?caseno=JB8XL1QKP1000','http://tinyurl.com/y9m6pl','http://www.torridge.gov.uk/publicaccess/tdc/DcApplication/application_comments_entryform.aspx?caseno=JB8XL1QKP1000','http://tinyurl.com/ygokqt',19,237960,109626,'2007-01-07 17:12:35',NULL,'http://maps.google.com/maps?q=ex227dp&z=15'),
 (912,'1/0001/2007/AGR','Mambury Farm\nEast Putford\nHolsworthy\nEX22 7UH','EX22 7UH','3 bay extension to existing cubicle house for dairy cows','http://www.torridge.gov.uk/publicaccess/tdc/DcApplication/application_detailview.aspx?caseno=JB8W8AQKP1000','http://tinyurl.com/yk9bbx','http://www.torridge.gov.uk/publicaccess/tdc/DcApplication/application_comments_entryform.aspx?caseno=JB8W8AQKP1000','http://tinyurl.com/ybezhn',19,237735,116099,'2007-01-07 17:12:41',NULL,'http://maps.google.com/maps?q=ex227uh&z=15'),
 (913,'1/2583/2006/FUL','45 North Street\nNortham\nBideford\nEX39 1DH','EX39 1DH','Demolition of garage, erection of single storey extension to the side and rear, erection of first floor shower room over kitchen','http://www.torridge.gov.uk/publicaccess/tdc/DcApplication/application_detailview.aspx?caseno=J9UTSFQKP1000','http://tinyurl.com/ymyn32','http://www.torridge.gov.uk/publicaccess/tdc/DcApplication/application_comments_entryform.aspx?caseno=J9UTSFQKP1000','http://tinyurl.com/yazclm',19,245081,129132,'2007-01-07 17:12:49',NULL,'http://maps.google.com/maps?q=ex391dh&z=15');
INSERT INTO `planning`.`application` VALUES  (914,'1/2386/2006/FUL','Rowan Park Farm\nAshwater\nBeaworthy\nEX21 5DJ','EX21 5DJ','Free range poultry unit for laying hens','http://www.torridge.gov.uk/publicaccess/tdc/DcApplication/application_detailview.aspx?caseno=J8DDLNQKP1000','http://tinyurl.com/ye335q','http://www.torridge.gov.uk/publicaccess/tdc/DcApplication/application_comments_entryform.aspx?caseno=J8DDLNQKP1000','http://tinyurl.com/yl5h7y',19,239571,99497,'2007-01-07 17:12:55',NULL,'http://maps.google.com/maps?q=ex215dj&z=15'),
 (915,'06/07675/FU','35 Manston Gardens\nCross Gates\nLeeds\nLS15 8EY','LS15 8EY','Single storey side extension','http://planningapplications.leeds.gov.uk/publicaccess/tdc/DcApplication/application_detailview.aspx?caseno=JAZRPWJB2G000','http://tinyurl.com/y7oxxk','http://planningapplications.leeds.gov.uk/publicaccess/tdc/DcApplication/application_comments_entryform.aspx?caseno=JAZRPWJB2G000','http://tinyurl.com/t7mj7',20,436605,435053,'2007-01-07 17:13:47',NULL,'http://maps.google.com/maps?q=ls158ey&z=15'),
 (916,'06/07556/FU','15 Syke Lane\nScarcroft\nLeeds\nLS14 3BH\n','LS14 3BH','Part two storey part single storey front and side extension, two bay windows with balconies to front, and detached swimming pool to rear','http://planningapplications.leeds.gov.uk/publicaccess/tdc/DcApplication/application_detailview.aspx?caseno=JAIXB0JB1N000','http://tinyurl.com/wpd3b','http://planningapplications.leeds.gov.uk/publicaccess/tdc/DcApplication/application_comments_entryform.aspx?caseno=JAIXB0JB1N000','http://tinyurl.com/vxyb9',20,436349,441867,'2007-01-07 17:13:54',NULL,'http://maps.google.com/maps?q=ls143bh&z=15');
INSERT INTO `planning`.`application` VALUES  (917,'06/07513/FU','White Swan Hotel\nCross Hills\nKippax\nLeeds\nLS25 7JP','LS25 7JP','Alterations including new 1.8m high gates, free standing awning and retractable entrance canopy to public house','http://planningapplications.leeds.gov.uk/publicaccess/tdc/DcApplication/application_detailview.aspx?caseno=JAH4HQJBZF000','http://tinyurl.com/y52fch','http://planningapplications.leeds.gov.uk/publicaccess/tdc/DcApplication/application_comments_entryform.aspx?caseno=JAH4HQJBZF000','http://tinyurl.com/yyhosd',20,441560,430222,'2007-01-07 17:13:58',NULL,'http://maps.google.com/maps?q=ls257jp&z=15'),
 (918,'06/07480/FU','The Hollies\nWoodlands Drive\nRawdon\nBradford\nBD10 0NX\n','BD10 0NX','Two storey side extension with juliet balcony to front','http://planningapplications.leeds.gov.uk/publicaccess/tdc/DcApplication/application_detailview.aspx?caseno=JABJLCJBZF000','http://tinyurl.com/y6d7n2','http://planningapplications.leeds.gov.uk/publicaccess/tdc/DcApplication/application_comments_entryform.aspx?caseno=JABJLCJBZF000','http://tinyurl.com/uzetp',20,419668,438420,'2007-01-07 17:14:09',NULL,'http://maps.google.com/maps?q=bd100nx&z=15'),
 (919,'06/07338/FU','267 Dewsbury Road\nHunslet\nLeeds\nLS11 5HN\n','LS11 5HN','Change of use of vacant shop (A1 Class) to estate agents (A2 Class)','http://planningapplications.leeds.gov.uk/publicaccess/tdc/DcApplication/application_detailview.aspx?caseno=J9YM4QJBZF000','http://tinyurl.com/y4ksvx','http://planningapplications.leeds.gov.uk/publicaccess/tdc/DcApplication/application_comments_entryform.aspx?caseno=J9YM4QJBZF000','http://tinyurl.com/yy35dt',20,430012,430930,'2007-01-07 17:14:18',NULL,'http://maps.google.com/maps?q=ls115hn&z=15');
INSERT INTO `planning`.`application` VALUES  (920,'06/06812/FU','Aran House\nClaypit Lane\nLedsham\nLS25 5LP','LS25 5LP','New pitched roofs to all existing dormers and new open porch to front','http://planningapplications.leeds.gov.uk/publicaccess/tdc/DcApplication/application_detailview.aspx?caseno=J8S1HKJBZF000','http://tinyurl.com/w3gv2','http://planningapplications.leeds.gov.uk/publicaccess/tdc/DcApplication/application_comments_entryform.aspx?caseno=J8S1HKJBZF000','http://tinyurl.com/y65uwa',20,445482,429735,'2007-01-07 17:14:48',NULL,'http://maps.google.com/maps?q=ls255lp&z=15'),
 (921,'06/07049/FU','746 Whitehall Road\nLower Wortley\nLeeds\nLS12 5HP\n','LS12 5HP','Installation of wind turbine','http://planningapplications.leeds.gov.uk/publicaccess/tdc/DcApplication/application_detailview.aspx?caseno=J9FRBFJB1N000','http://tinyurl.com/tew9w','http://planningapplications.leeds.gov.uk/publicaccess/tdc/DcApplication/application_comments_entryform.aspx?caseno=J9FRBFJB1N000','http://tinyurl.com/y3hdb7',20,424063,430411,'2007-01-07 17:15:00',NULL,'http://maps.google.com/maps?q=ls125hp&z=15'),
 (922,'07/0008/FULL','45 Rectory Road\nWorthing\nWest Sussex\nBN14 7PE','BN14 7PE','Single story extension to north elevation and roof extensions including half end gables to south and north elevations, three dormers to the west elevation and a cottage dormer to the east elevation.','http://planning.worthing.gov.uk/publicaccess/tdc/DcApplication/application_detailview.aspx?caseno=JB8Q4QRZB0000','http://tinyurl.com/yzdb72','http://planning.worthing.gov.uk/publicaccess/tdc/DcApplication/application_comments_entryform.aspx?caseno=JB8Q4QRZB0000','http://tinyurl.com/yeskmv',21,513353,104132,'2007-01-07 17:16:28',NULL,'http://maps.google.com/maps?q=bn147pe&z=15');
INSERT INTO `planning`.`application` VALUES  (923,'07/0004/FULL','39 Trent Road\nWorthing\nWest Sussex\nBN12 4EJ','BN12 4EJ','Single storey front extension.','http://planning.worthing.gov.uk/publicaccess/tdc/DcApplication/application_detailview.aspx?caseno=JB8P21RZB0000','http://tinyurl.com/yaeo9q','http://planning.worthing.gov.uk/publicaccess/tdc/DcApplication/application_comments_entryform.aspx?caseno=JB8P21RZB0000','http://tinyurl.com/yhh5by',21,512296,102855,'2007-01-07 17:16:36',NULL,'http://maps.google.com/maps?q=bn124ej&z=15'),
 (924,'06/1326/CLE','11 Gordon Road\nWorthing\nWest Sussex\nBN11 1DB','BN11 1DB','Application for a Certificate of Lawfulness for an existing rear extension and conservatory.','http://planning.worthing.gov.uk/publicaccess/tdc/DcApplication/application_detailview.aspx?caseno=J9HL77RZB0000','http://tinyurl.com/ydwequ','http://planning.worthing.gov.uk/publicaccess/tdc/DcApplication/application_comments_entryform.aspx?caseno=J9HL77RZB0000','http://tinyurl.com/ylyss5',21,514858,103144,'2007-01-07 17:16:41',NULL,'http://maps.google.com/maps?q=bn111db&z=15'),
 (925,'06/1324/FULL','52-54 Tarring Road\nWorthing\nWest Sussex\nBN11 4ET','BN11 4ET','Construction of a block of 3 flats and a cottage at the rear of 52 - 54 Tarring Road (in conjunction with approved use of existing property as 2 flats). (WB/05/1112/ARM refers).','http://planning.worthing.gov.uk/publicaccess/tdc/DcApplication/application_detailview.aspx?caseno=J9E1D6RZB0000','http://tinyurl.com/yfoqzw','http://planning.worthing.gov.uk/publicaccess/tdc/DcApplication/application_comments_entryform.aspx?caseno=J9E1D6RZB0000','http://tinyurl.com/ymr7k7',21,514227,103288,'2007-01-07 17:16:46',NULL,'http://maps.google.com/maps?q=bn114et&z=15');
INSERT INTO `planning`.`application` VALUES  (926,'06/0641/LBC','Courtlands\nParklands Avenue\nWorthing\nWest Sussex\nBN12 4NQ','BN12 4NQ','Application for Listed Building Consent for a two storey extension to north elevation with single storey link to existing office building, additional car parking and landscaping.','http://planning.worthing.gov.uk/publicaccess/tdc/DcApplication/application_detailview.aspx?caseno=J0HQO4RZB0000','http://tinyurl.com/ydhscd','http://planning.worthing.gov.uk/publicaccess/tdc/DcApplication/application_comments_entryform.aspx?caseno=J0HQO4RZB0000','http://tinyurl.com/ybpgkb',21,0,0,'2007-01-07 17:16:51',NULL,'http://maps.google.com/maps?q=bn124nq&z=15'),
 (927,'06/0640/FULL','Courtlands\nParklands Avenue\nWorthing\nWest Sussex\nBN12 4NQ','BN12 4NQ','Two storey extension to north elevation with single storey link to existing office building, additional car parking and landscaping.','http://planning.worthing.gov.uk/publicaccess/tdc/DcApplication/application_detailview.aspx?caseno=J0HQJMRZB0000','http://tinyurl.com/yfa74f','http://planning.worthing.gov.uk/publicaccess/tdc/DcApplication/application_comments_entryform.aspx?caseno=J0HQJMRZB0000','http://tinyurl.com/ymcl5n',21,0,0,'2007-01-07 17:16:53',NULL,'http://maps.google.com/maps?q=bn124nq&z=15'),
 (928,'07/00020/PLF','5 Farndale Road\nBridlington\nEast Riding Of Yorkshire\nYO16 6GT\n','YO16 6GT','Erection of conservatory to rear','http://www.eastriding.gov.uk/PublicAccess731c/dc/DcApplication/application_detailview.aspx?caseno=JB8WXIBJAH000','http://tinyurl.com/yg6dxg','http://www.eastriding.gov.uk/PublicAccess731c/dc/DcApplication/application_comments_entryform.aspx?caseno=JB8WXIBJAH000','http://tinyurl.com/y9ps4h',22,518437,469322,'2007-01-07 17:19:11',NULL,'http://maps.google.com/maps?q=yo166gt&z=15');
INSERT INTO `planning`.`application` VALUES  (929,'07/00017/PLF','Caracassa\nMain Road\nCamerton\nEast Riding Of Yorkshire\nHU12 9NG\n','HU12 9NG','Erection of conservatory to rear','http://www.eastriding.gov.uk/PublicAccess731c/dc/DcApplication/application_detailview.aspx?caseno=JB8VARBJAH000','http://tinyurl.com/ykcwmt','http://www.eastriding.gov.uk/PublicAccess731c/dc/DcApplication/application_comments_entryform.aspx?caseno=JB8VARBJAH000','http://tinyurl.com/ybz6tj',22,521308,426261,'2007-01-07 17:19:15',NULL,'http://maps.google.com/maps?q=hu129ng&z=15'),
 (930,'07/00011/PLF','9 Hornsea Burton Road\nHornsea\nEast Riding Of Yorkshire\nHU18 1TP\n','HU18 1TP','Erection of single storey extension and detached garage at rear and construction of dormer window in roof at rear','http://www.eastriding.gov.uk/PublicAccess731c/dc/DcApplication/application_detailview.aspx?caseno=JB8QJIBJ0I000','http://tinyurl.com/yzkkur','http://www.eastriding.gov.uk/PublicAccess731c/dc/DcApplication/application_comments_entryform.aspx?caseno=JB8QJIBJ0I000','http://tinyurl.com/yf2udn',22,520626,447211,'2007-01-07 17:19:22',NULL,'http://maps.google.com/maps?q=hu181tp&z=15'),
 (931,'07/00009/PLF','7 Craikewells\nFlamborough\nEast Riding Of Yorkshire\nYO15 1QH\n','YO15 1QH','Erection of single storey extension to rear','http://www.eastriding.gov.uk/PublicAccess731c/dc/DcApplication/application_detailview.aspx?caseno=JB8PEUBJAH000','http://tinyurl.com/ye6ohm','http://www.eastriding.gov.uk/PublicAccess731c/dc/DcApplication/application_comments_entryform.aspx?caseno=JB8PEUBJAH000','http://tinyurl.com/yl95zu',22,522628,470908,'2007-01-07 17:19:27',NULL,'http://maps.google.com/maps?q=yo151qh&z=15');
INSERT INTO `planning`.`application` VALUES  (932,'07/00008/PLF','75 Butterfly Meadows\nMolescroft\nEast Riding Of Yorkshire\nHU17 9GB\n','HU17 9GB','Erection of a two storey extension to side and alterations to vehicular access (Re submission 06/06916/PLF)','http://www.eastriding.gov.uk/PublicAccess731c/dc/DcApplication/application_detailview.aspx?caseno=JB8PENBJ0I000','http://tinyurl.com/ycecpk','http://www.eastriding.gov.uk/PublicAccess731c/dc/DcApplication/application_comments_entryform.aspx?caseno=JB8PENBJ0I000','http://tinyurl.com/yjgqqs',22,503235,440957,'2007-01-07 17:19:43',NULL,'http://maps.google.com/maps?q=hu179gb&z=15'),
 (933,'07/00007/PLF','4 Standage Road\nThorngumbald\nEast Riding Of Yorkshire\nHU12 9PH','HU12 9PH','Erection of single storey extension to rear','http://www.eastriding.gov.uk/PublicAccess731c/dc/DcApplication/application_detailview.aspx?caseno=JB8OLOBJAH000','http://tinyurl.com/ynyhaw','http://www.eastriding.gov.uk/PublicAccess731c/dc/DcApplication/application_comments_entryform.aspx?caseno=JB8OLOBJAH000','http://tinyurl.com/ya7ejy',22,520733,426150,'2007-01-07 17:19:48',NULL,'http://maps.google.com/maps?q=hu129ph&z=15'),
 (934,'06/10035/PLF','18 Highfield\nWithernsea\nEast Riding Of Yorkshire\nHU19 2LL\n','HU19 2LL','Erection of conservatory to the rear, retention of metal fencing and gates to front and side','http://www.eastriding.gov.uk/PublicAccess731c/dc/DcApplication/application_detailview.aspx?caseno=JAH6R6BJDI000','http://tinyurl.com/yh9sk9','http://www.eastriding.gov.uk/PublicAccess731c/dc/DcApplication/application_comments_entryform.aspx?caseno=JAH6R6BJDI000','http://tinyurl.com/ykrj4d',22,534277,427224,'2007-01-07 17:19:55',NULL,'http://maps.google.com/maps?q=hu192ll&z=15');
INSERT INTO `planning`.`application` VALUES  (935,'06/10025/PLF','73 All Hallows Road\nWalkington\nEast Riding Of Yorkshire\nHU17 8SH','HU17 8SH','Erection of garden shed/workshop at the rear','http://www.eastriding.gov.uk/PublicAccess731c/dc/DcApplication/application_detailview.aspx?caseno=JAGXYEBJDI000','http://tinyurl.com/ybwqb3','http://www.eastriding.gov.uk/PublicAccess731c/dc/DcApplication/application_comments_entryform.aspx?caseno=JAGXYEBJDI000','http://tinyurl.com/yj27cb',22,499962,436956,'2007-01-07 17:20:07',NULL,'http://maps.google.com/maps?q=hu178sh&z=15'),
 (936,'06/09981/PLF','The Paddock\n35 Northfield Road\nWetwang\nEast Riding Of Yorkshire\nYO25 9XY\n','YO25 9XY','Erection of dormer windows at front and rear and pitched roof over garage','http://www.eastriding.gov.uk/PublicAccess731c/dc/DcApplication/application_detailview.aspx?caseno=JAB9YXBJDI000','http://tinyurl.com/ymjutf','http://www.eastriding.gov.uk/PublicAccess731c/dc/DcApplication/application_comments_entryform.aspx?caseno=JAB9YXBJDI000','http://tinyurl.com/yz6yga',22,493048,459140,'2007-01-07 17:20:11',NULL,'http://maps.google.com/maps?q=yo259xy&z=15'),
 (937,'06/09882/PLF','27 Southgate\nHutton Cranswick\nEast Riding Of Yorkshire\nYO25 9QX','YO25 9QX','Erection of single storey extension at rear','http://www.eastriding.gov.uk/PublicAccess731c/dc/DcApplication/application_detailview.aspx?caseno=JA7HY3BJDI000','http://tinyurl.com/yjvd8c','http://www.eastriding.gov.uk/PublicAccess731c/dc/DcApplication/application_comments_entryform.aspx?caseno=JA7HY3BJDI000','http://tinyurl.com/ygdmo8',22,502566,451965,'2007-01-07 17:20:19',NULL,'http://maps.google.com/maps?q=yo259qx&z=15');
INSERT INTO `planning`.`application` VALUES  (938,'07/07604/FUL','The Wood\nStallington Road\nMeir Heath\nStaffordshire\nST11 9QW\n','ST11 9QW','Reconfiguration of canopy/veranda.','http://www3.staffordbc.gov.uk/publicaccess/tdc/DcApplication/application_detailview.aspx?caseno=JB8PFAPSJ0000','http://tinyurl.com/skkjt','http://www3.staffordbc.gov.uk/publicaccess/tdc/DcApplication/application_comments_entryform.aspx?caseno=JB8PFAPSJ0000','http://tinyurl.com/y2nyl4',23,393679,338809,'2007-01-07 17:21:09',NULL,'http://maps.google.com/maps?q=st119qw&z=15'),
 (939,'07/07603/SCG','Alleynes High School\nOulton Road\nStone\nStaffordshire\nST15 8DR','ST15 8DR','Provision of volumetric double classroom unit incorporating a laboratory, classroom, storage, preparatory room, lobby and cloakroom','http://www3.staffordbc.gov.uk/publicaccess/tdc/DcApplication/application_detailview.aspx?caseno=JB8P4VPSJ0000','http://tinyurl.com/ucwbv','http://www3.staffordbc.gov.uk/publicaccess/tdc/DcApplication/application_comments_entryform.aspx?caseno=JB8P4VPSJ0000','http://tinyurl.com/y4fdd6',23,390511,334842,'2007-01-07 17:21:12',NULL,'http://maps.google.com/maps?q=st158dr&z=15'),
 (940,'07/07601/FUL','20 Bertelin Road\nStafford\nST16 3JJ','ST16 3JJ','Rear conservatory','http://www3.staffordbc.gov.uk/publicaccess/tdc/DcApplication/application_detailview.aspx?caseno=JB8OXIPSJ0000','http://tinyurl.com/yxumt2','http://www3.staffordbc.gov.uk/publicaccess/tdc/DcApplication/application_comments_entryform.aspx?caseno=JB8OXIPSJ0000','http://tinyurl.com/y8x3ua',23,392984,325029,'2007-01-07 17:21:15',NULL,'http://maps.google.com/maps?q=st163jj&z=15');
INSERT INTO `planning`.`application` VALUES  (941,'07/07600/COU','75 Lichfield Road\nStafford\nStaffordshire\nST17 4LW','ST17 4LW','Change of use from veterinary surgery to 1 no ground floor flat','http://www3.staffordbc.gov.uk/publicaccess/tdc/DcApplication/application_detailview.aspx?caseno=JB8OP9PSJ0000','http://tinyurl.com/yxyhxy','http://www3.staffordbc.gov.uk/publicaccess/tdc/DcApplication/application_comments_entryform.aspx?caseno=JB8OP9PSJ0000','http://tinyurl.com/y5bj97',23,393149,322403,'2007-01-07 17:21:23',NULL,'http://maps.google.com/maps?q=st174lw&z=15'),
 (942,'07/07598/FUL','23 Corporation Street\nStafford\nStaffordshire\nST16 3LZ','ST16 3LZ','Ground and first floor extensions to rear of flats','http://www3.staffordbc.gov.uk/publicaccess/tdc/DcApplication/application_detailview.aspx?caseno=JB8O2NPSC3000','http://tinyurl.com/y8t9qb','http://www3.staffordbc.gov.uk/publicaccess/tdc/DcApplication/application_comments_entryform.aspx?caseno=JB8O2NPSC3000','http://tinyurl.com/t27yd',23,392341,324045,'2007-01-07 17:21:36',NULL,'http://maps.google.com/maps?q=st163lz&z=15'),
 (943,'07/07596/LBC','Cherry Trees\nHaughton\nStafford\nST18 9EX\n','ST18 9EX','Conservatory to rear','http://www3.staffordbc.gov.uk/publicaccess/tdc/DcApplication/application_detailview.aspx?caseno=JB8NGEPSA3000','http://tinyurl.com/urzqf','http://www3.staffordbc.gov.uk/publicaccess/tdc/DcApplication/application_comments_entryform.aspx?caseno=JB8NGEPSA3000','http://tinyurl.com/y4twrn',23,386648,320372,'2007-01-07 17:21:41',NULL,'http://maps.google.com/maps?q=st189ex&z=15');
INSERT INTO `planning`.`application` VALUES  (944,'07/07595/FUL','Cherry Trees\nHaughton\nStafford\nST18 9EX\n','ST18 9EX','Conservatory to rear','http://www3.staffordbc.gov.uk/publicaccess/tdc/DcApplication/application_detailview.aspx?caseno=JB8NG9PSA3000','http://tinyurl.com/y4xqvm','http://www3.staffordbc.gov.uk/publicaccess/tdc/DcApplication/application_comments_entryform.aspx?caseno=JB8NG9PSA3000','http://tinyurl.com/yxg3ez',23,386648,320372,'2007-01-07 17:21:49',NULL,'http://maps.google.com/maps?q=st189ex&z=15'),
 (945,'07/07594/FUL','Woodside\nSpot Acre\nHilderstone\nStaffordshire\nST15 8RN','ST15 8RN','2 no proposed conservatories and addition of first floor window on side elevation','http://www3.staffordbc.gov.uk/publicaccess/tdc/DcApplication/application_detailview.aspx?caseno=JB8NL3PSJ0000','http://tinyurl.com/y7zhfq','http://www3.staffordbc.gov.uk/publicaccess/tdc/DcApplication/application_comments_entryform.aspx?caseno=JB8NL3PSJ0000','http://tinyurl.com/y5q5no',23,394179,337198,'2007-01-07 17:21:54',NULL,'http://maps.google.com/maps?q=st158rn&z=15'),
 (946,'07/07593/FUL','2 York Avenue\nFulford\nStaffordshire\nST11 9SB','ST11 9SB','First floor extension over existing garage  and utility room extension to rear of garage','http://www3.staffordbc.gov.uk/publicaccess/tdc/DcApplication/application_detailview.aspx?caseno=JB8MYGPSJ0000','http://tinyurl.com/y2jd98','http://www3.staffordbc.gov.uk/publicaccess/tdc/DcApplication/application_comments_entryform.aspx?caseno=JB8MYGPSJ0000','http://tinyurl.com/wymp4',23,395398,338060,'2007-01-07 17:21:59',NULL,'http://maps.google.com/maps?q=st119sb&z=15');
INSERT INTO `planning`.`application` VALUES  (947,'S/07/0003','The Grove\nDrove Road\nSwindon\nWilts\nSN1 3AG','SN1 3AG','Erection of a single storey extension to restaurant, new porch and lobby with ramp access and new patio area with jumbrellas.','http://194.73.99.13/publicaccess/tdc/DcApplication/application_detailview.aspx?caseno=JB8KHGPTV4000','http://tinyurl.com/t344c','http://194.73.99.13/publicaccess/tdc/DcApplication/application_comments_entryform.aspx?caseno=JB8KHGPTV4000','http://tinyurl.com/y35z5k',32,415722,184171,'2007-01-07 17:23:23',NULL,'http://maps.google.com/maps?q=sn13ag&z=15'),
 (948,'S/06/3022','28 Tithe Barn Crescent\nSwindon\nWiltshire\nSN1 4JX','SN1 4JX','Installation of wind turbine onto gable wall of dwelling.','http://194.73.99.13/publicaccess/tdc/DcApplication/application_detailview.aspx?caseno=J9UMKHPT97000','http://tinyurl.com/y4utum','http://194.73.99.13/publicaccess/tdc/DcApplication/application_comments_entryform.aspx?caseno=J9UMKHPT97000','http://tinyurl.com/y8fkeq',32,414038,183451,'2007-01-07 17:23:32',NULL,'http://maps.google.com/maps?q=sn14jx&z=15'),
 (949,'S/07/0003','The Grove\nDrove Road\nSwindon\nWilts\nSN1 3AG','SN1 3AG','Erection of a single storey extension to restaurant, new porch and lobby with ramp access and new patio area with jumbrellas.','http://194.73.99.13/publicaccess/tdc/DcApplication/application_detailview.aspx?caseno=JB8KHGPTV4000','http://tinyurl.com/t344c','http://194.73.99.13/publicaccess/tdc/DcApplication/application_comments_entryform.aspx?caseno=JB8KHGPTV4000','http://tinyurl.com/y35z5k',33,415722,184171,'2007-01-07 17:23:58',NULL,'http://maps.google.com/maps?q=sn13ag&z=15');
INSERT INTO `planning`.`application` VALUES  (950,'S/06/3022','28 Tithe Barn Crescent\nSwindon\nWiltshire\nSN1 4JX','SN1 4JX','Installation of wind turbine onto gable wall of dwelling.','http://194.73.99.13/publicaccess/tdc/DcApplication/application_detailview.aspx?caseno=J9UMKHPT97000','http://tinyurl.com/y4utum','http://194.73.99.13/publicaccess/tdc/DcApplication/application_comments_entryform.aspx?caseno=J9UMKHPT97000','http://tinyurl.com/y8fkeq',33,414038,183451,'2007-01-07 17:24:02',NULL,'http://maps.google.com/maps?q=sn14jx&z=15'),
 (951,'07/00004/ENFORC','Greensands\nReading Road\nEast Hendred\nWantage\nOxon\nOX12 8JE\n','OX12 8JE','Enforcement authorised to: (a) include the removal from site of the unauthorised independent residential units and caravans (b) to cease the unauthorised occupation/residential use of the land.','http://planning.whitehorsedc.gov.uk/publicaccess/tdc/DcApplication/application_detailview.aspx?caseno=JB8N7DBY7A000','http://tinyurl.com/vcqjs','http://planning.whitehorsedc.gov.uk/publicaccess/tdc/DcApplication/application_comments_entryform.aspx?caseno=JB8N7DBY7A000','http://tinyurl.com/yyuh3w',34,446069,189319,'2007-01-07 17:24:20',NULL,'http://maps.google.com/maps?q=ox128je&z=15'),
 (952,'07/00005/FUL','113 Wisbech Road\nLittleport\nEly\nCambridgeshire\nCB6 1JJ\n','CB6 1JJ','Single storey rear extension.','http://pa.eastcambs.gov.uk/publicaccess/tdc/DcApplication/application_detailview.aspx?caseno=JBAQDCGGK0000','http://tinyurl.com/soaca','http://pa.eastcambs.gov.uk/publicaccess/tdc/DcApplication/application_comments_entryform.aspx?caseno=JBAQDCGGK0000','http://tinyurl.com/y2qodz',35,555970,287311,'2007-01-07 17:26:04',NULL,'http://maps.google.com/maps?q=cb61jj&z=15');
INSERT INTO `planning`.`application` VALUES  (953,'07/00003/LBC','Dundas House\n17 High Street\nSutton\nEly\nCambridgeshire\nCB6 2RB\n','CB6 2RB','Extension to form orangery and enlargement of existing kitchen window (Part Demolition)','http://pa.eastcambs.gov.uk/publicaccess/tdc/DcApplication/application_detailview.aspx?caseno=JB8XGXGG32000','http://tinyurl.com/y6beum','http://pa.eastcambs.gov.uk/publicaccess/tdc/DcApplication/application_comments_entryform.aspx?caseno=JB8XGXGG32000','http://tinyurl.com/ugm4c',35,544659,278898,'2007-01-07 17:26:09',NULL,'http://maps.google.com/maps?q=cb62rb&z=15'),
 (954,'07/00002/FUL','Dundas House\n17 High Street\nSutton\nEly\nCambridgeshire\nCB6 2RB\n','CB6 2RB','Extension to form ground floor orangery increase window size in kitchen','http://pa.eastcambs.gov.uk/publicaccess/tdc/DcApplication/application_detailview.aspx?caseno=JB8V34GG32000','http://tinyurl.com/y3mu9j','http://pa.eastcambs.gov.uk/publicaccess/tdc/DcApplication/application_comments_entryform.aspx?caseno=JB8V34GG32000','http://tinyurl.com/yx56pf',35,544659,278898,'2007-01-07 17:26:27',NULL,'http://maps.google.com/maps?q=cb62rb&z=15'),
 (955,'07/00014/FUL','Sherenden\nCurtisden Green Lane\nGoudhurst\nCranbrook\nKent\nTN17 1LJ\n','TN17 1LJ','Construction of new one and two storey extensions','http://secure.tunbridgewells.gov.uk/publicaccess/tdc/DcApplication/application_detailview.aspx?caseno=JBE71HBWS0000','http://tinyurl.com/sdc9m','http://secure.tunbridgewells.gov.uk/publicaccess/tdc/DcApplication/application_comments_entryform.aspx?caseno=JBE71HBWS0000','http://tinyurl.com/y2fqau',37,574502,140719,'2007-01-07 17:28:23',NULL,'http://maps.google.com/maps?q=tn171lj&z=15');
INSERT INTO `planning`.`application` VALUES  (956,'07/00012/FUL','Clayhill Cottage\nClayhill\nGoudhurst\nCranbrook\nKent\nTN17 1BE\n','TN17 1BE','Alterations and extensions to garage and sun room','http://secure.tunbridgewells.gov.uk/publicaccess/tdc/DcApplication/application_detailview.aspx?caseno=JBCS00BWS0000','http://tinyurl.com/vv2qq','http://secure.tunbridgewells.gov.uk/publicaccess/tdc/DcApplication/application_comments_entryform.aspx?caseno=JBCS00BWS0000','http://tinyurl.com/y6xgsy',37,572070,137576,'2007-01-07 17:28:27',NULL,'http://maps.google.com/maps?q=tn171be&z=15'),
 (957,'07/00004/LBC','Clayhill Cottage\nClayhill\nGoudhurst\nCranbrook\nKent\nTN17 1BE\n','TN17 1BE','Listed building consent - alterations and extensions to garage and sun room','http://secure.tunbridgewells.gov.uk/publicaccess/tdc/DcApplication/application_detailview.aspx?caseno=JBE4BPBWS0000','http://tinyurl.com/yxnezs','http://secure.tunbridgewells.gov.uk/publicaccess/tdc/DcApplication/application_comments_entryform.aspx?caseno=JBE4BPBWS0000','http://tinyurl.com/y7psk3',37,572070,137576,'2007-01-07 17:28:35',NULL,'http://maps.google.com/maps?q=tn171be&z=15'),
 (958,'07/00003/SUB','Highlands House Nursing Home\n10 - 12 Calverley Park Gardens\nRoyal Tunbridge Wells\nKent\nTN1 2JN\n','TN1 2JN','Condition 7 of TW/05/01139/FUL - Site Investigation Report and Closure Letter Report','http://secure.tunbridgewells.gov.uk/publicaccess/tdc/DcApplication/application_detailview.aspx?caseno=JB8YFVBWNE000','http://tinyurl.com/y3bw6v','http://secure.tunbridgewells.gov.uk/publicaccess/tdc/DcApplication/application_comments_entryform.aspx?caseno=JB8YFVBWNE000','http://tinyurl.com/wr8mr',37,559065,139460,'2007-01-07 17:28:41',NULL,'http://maps.google.com/maps?q=tn12jn&z=15');
INSERT INTO `planning`.`application` VALUES  (959,'07/00002/SUB','Mithrandir\nBedgebury Road\nGoudhurst\nCranbrook\nKent\nTN17 2QX\n','TN17 2QX','Condition 5 of TW/06/01259 - Repair schedule in respect of timber frame','http://secure.tunbridgewells.gov.uk/publicaccess/tdc/DcApplication/application_detailview.aspx?caseno=JB8LVUBWNE000','http://tinyurl.com/y6tmo2','http://secure.tunbridgewells.gov.uk/publicaccess/tdc/DcApplication/application_comments_entryform.aspx?caseno=JB8LVUBWNE000','http://tinyurl.com/vytup',37,572085,136455,'2007-01-07 17:28:45',NULL,'http://maps.google.com/maps?q=tn172qx&z=15'),
 (960,'07/00001/SUB','Mithrandir\nBedgebury Road\nGoudhurst\nCranbrook\nKent\nTN17 2QX\n','TN17 2QX','Condition 2 of TW/06/01259 - Details of materials to be used externally','http://secure.tunbridgewells.gov.uk/publicaccess/tdc/DcApplication/application_detailview.aspx?caseno=JB8L8IBWNE000','http://tinyurl.com/yy5yxc','http://secure.tunbridgewells.gov.uk/publicaccess/tdc/DcApplication/application_comments_entryform.aspx?caseno=JB8L8IBWNE000','http://tinyurl.com/y87fyk',37,572085,136455,'2007-01-07 17:28:59',NULL,'http://maps.google.com/maps?q=tn172qx&z=15'),
 (961,'06/03743/FUL','13 Dudley Road\nRoyal Tunbridge Wells\nKent\nTN1 1LE\n','TN1 1LE','Re-roof bathroom and conversion of garden shed into sunroom','http://secure.tunbridgewells.gov.uk/publicaccess/tdc/DcApplication/application_detailview.aspx?caseno=JAKU5ZBWYD000','http://tinyurl.com/y3qzlf','http://secure.tunbridgewells.gov.uk/publicaccess/tdc/DcApplication/application_comments_entryform.aspx?caseno=JAKU5ZBWYD000','http://tinyurl.com/yx8s4b',37,558346,139579,'2007-01-07 17:29:03',NULL,'http://maps.google.com/maps?q=tn11le&z=15');
INSERT INTO `planning`.`application` VALUES  (962,'06/03737/FUL','47 Chestnut Avenue\nSouthborough\nRoyal Tunbridge Wells\nKent\nTN4 0BT\n','TN4 0BT','Erection of conservatory to rear','http://secure.tunbridgewells.gov.uk/publicaccess/tdc/DcApplication/application_detailview.aspx?caseno=JAKISMBWT9000','http://tinyurl.com/y5zudh','http://secure.tunbridgewells.gov.uk/publicaccess/tdc/DcApplication/application_comments_entryform.aspx?caseno=JAKISMBWT9000','http://tinyurl.com/y2y6td',37,558710,141698,'2007-01-07 17:29:10',NULL,'http://maps.google.com/maps?q=tn40bt&z=15'),
 (963,'06/03739/FUL','Flat 1\n27 Grosvenor Park\nRoyal Tunbridge Wells\nKent\nTN1 2BB\n','TN1 2BB','Replace existing kitchen window to French doors and replace side door with double-glazed window','http://secure.tunbridgewells.gov.uk/publicaccess/tdc/DcApplication/application_detailview.aspx?caseno=JAKORKBWT7000','http://tinyurl.com/y2n3ym','http://secure.tunbridgewells.gov.uk/publicaccess/tdc/DcApplication/application_comments_entryform.aspx?caseno=JAKORKBWT7000','http://tinyurl.com/w5chz',37,558428,140035,'2007-01-07 17:29:20',NULL,'http://maps.google.com/maps?q=tn12bb&z=15'),
 (964,'06/03714/FUL','Lower Standen Granary\nStanden Street\nBenenden\nCranbrook\nKent\nTN17 4LA\n','TN17 4LA','Change of use during term time to a nursery for 3-5 year olds','http://secure.tunbridgewells.gov.uk/publicaccess/tdc/DcApplication/application_detailview.aspx?caseno=JABKLCBWYD000','http://tinyurl.com/y8tb6t','http://secure.tunbridgewells.gov.uk/publicaccess/tdc/DcApplication/application_comments_entryform.aspx?caseno=JABKLCBWYD000','http://tinyurl.com/t28ev',37,581057,130325,'2007-01-07 17:30:06',NULL,'http://maps.google.com/maps?q=tn174la&z=15');
INSERT INTO `planning`.`application` VALUES  (965,'06/14114/FULM','Woodman Service Station And \nFormer Public Conveniences\nWestwood Lane\nSidcup\nKent\nDA15 9PT\n','DA15 9PT','Erection of a four/five storey residential building comprising 14 x 1 bedroom and 10 x 2 bedroom apartments with access from Lyndon Road, associated parking and amenity space.','http://publicaccess.bexley.gov.uk/publicaccess/tdc/DcApplication/application_detailview.aspx?caseno=JAKLE8BED1000','http://tinyurl.com/t7nwp','http://publicaccess.bexley.gov.uk/publicaccess/tdc/DcApplication/application_comments_entryform.aspx?caseno=JAKLE8BED1000','http://tinyurl.com/y3a5yx',38,546236,174625,'2007-01-07 17:31:03',NULL,'http://maps.google.com/maps?q=da159pt&z=15'),
 (966,'06/14094/FUL','7 Harold Avenue\nBelvedere\nKent\nDA17 5NN\n','DA17 5NN','Single storey extension to front and porch.','http://publicaccess.bexley.gov.uk/publicaccess/tdc/DcApplication/application_detailview.aspx?caseno=JAJ3ZCBEW4000','http://tinyurl.com/y85ksm','http://publicaccess.bexley.gov.uk/publicaccess/tdc/DcApplication/application_comments_entryform.aspx?caseno=JAJ3ZCBEW4000','http://tinyurl.com/tmae9',38,548736,178090,'2007-01-07 17:31:42',NULL,'http://maps.google.com/maps?q=da175nn&z=15'),
 (967,'06/13593/FUL','49 Little Heath Road\nBexleyheath\nKent\nDA7 5HE\n','DA7 5HE','Single storey rear extension.','http://publicaccess.bexley.gov.uk/publicaccess/tdc/DcApplication/application_detailview.aspx?caseno=JA9COFBED1000','http://tinyurl.com/y3oofh','http://publicaccess.bexley.gov.uk/publicaccess/tdc/DcApplication/application_comments_entryform.aspx?caseno=JA9COFBED1000','http://tinyurl.com/yx7xvd',38,548908,177052,'2007-01-07 17:31:46',NULL,'http://maps.google.com/maps?q=da75he&z=15');
INSERT INTO `planning`.`application` VALUES  (968,'06/13300/FUL','49 Ladbrooke Crescent\nSidcup\nKent\nDA14 4RU\n','DA14 4RU','Use of land for access and formation of vehicular access.','http://publicaccess.bexley.gov.uk/publicaccess/tdc/DcApplication/application_detailview.aspx?caseno=J9YPRYBEW4000','http://tinyurl.com/yjlva2','http://publicaccess.bexley.gov.uk/publicaccess/tdc/DcApplication/application_comments_entryform.aspx?caseno=J9YPRYBEW4000','http://tinyurl.com/yg47pv',38,547760,172061,'2007-01-07 17:31:51',NULL,'http://maps.google.com/maps?q=da144ru&z=15'),
 (969,'07/00011/COU','69 Lichfield Road\nEast Ham\nLondon\nE6 3LQ','E6 3LQ','Proposed change of use from residential dwelling into an all day Daycare and Nursery.','http://pacaps.newham.gov.uk/publicaccess/tdc/DcApplication/application_detailview.aspx?caseno=JB8XQLJYG7000','http://tinyurl.com/yl7xbc','http://pacaps.newham.gov.uk/publicaccess/tdc/DcApplication/application_comments_entryform.aspx?caseno=JB8XQLJYG7000','http://tinyurl.com/ycc7z2',40,541779,182610,'2007-01-07 17:32:26',NULL,'http://maps.google.com/maps?q=e63lq&z=15'),
 (970,'06/01961/FUL','2 Albert Square\nStratford\nLondon\nE15 1HH','E15 1HH','Two storey side and rear extensions and single storey rear extension.','http://pacaps.newham.gov.uk/publicaccess/tdc/DcApplication/application_detailview.aspx?caseno=J80A2LJYS1000','http://tinyurl.com/yftv26','http://pacaps.newham.gov.uk/publicaccess/tdc/DcApplication/application_comments_entryform.aspx?caseno=J80A2LJYS1000','http://tinyurl.com/ymwc3e',40,539402,185172,'2007-01-07 17:32:30',NULL,'http://maps.google.com/maps?q=e151hh&z=15');
INSERT INTO `planning`.`application` VALUES  (971,'07/00001/CM','The Grange\n88 Southgate\nEckington\nSheffield\nS21 4FT','S21 4FT','Proposed 10 space car park (Conservation Area)','http://planapps-online.ne-derbyshire.gov.uk/publicaccess/dc/DcApplication/application_detailview.aspx?caseno=JBACCWLIY1000','http://tinyurl.com/ybqwom','http://planapps-online.ne-derbyshire.gov.uk/publicaccess/dc/DcApplication/application_comments_entryform.aspx?caseno=JBACCWLIY1000','http://tinyurl.com/yfbn8q',47,443059,379251,'2007-01-07 17:34:22',NULL,'http://maps.google.com/maps?q=s214ft&z=15');
CREATE TABLE  `planning`.`authority` (
  `authority_id` int(11) NOT NULL auto_increment,
  `full_name` varchar(200) NOT NULL,
  `short_name` varchar(100) NOT NULL,
  `planning_email` varchar(100) NOT NULL,
  `feed_url` varchar(255) default NULL,
  `external` tinyint(1) default NULL,
  `disabled` tinyint(1) default NULL,
  `notes` text,
  PRIMARY KEY  (`authority_id`)
) ENGINE=MyISAM AUTO_INCREMENT=52 DEFAULT CHARSET=utf8;
INSERT INTO `planning`.`authority` VALUES  (1,'London Borough of Lambeth','Lambeth','planning@lambeth.gov.uk','/scrapers/lambeth.php?day={day}&month={month}&year={year}',0,0,NULL),
 (2,'City of Manchester','Manchester','','/scrapers/manchester.php?day={day}&month={month}&year={year}',0,0,NULL),
 (4,'Horsham Ditrict Council','Horsham','planning@horsham.gov.uk','/scrapers/horsham.php?day={day}&month={month}&year={year}',0,0,NULL),
 (5,'Mid Sussex District Council','Mid Sussex','unknown@unknown.com','/scrapers/midsussex.php?day={day}&month={month}&year={year}',0,0,NULL),
 (6,'Doncaster Metropolitan Borough Council','Doncaster','unknown@unknown.com','/scrapers/doncaster.php?day={day}&month={month}&year={year}',0,1,NULL),
 (7,'London Borough of Bromley','Bromley','planning@bromley.gov.uk','/scrapers/doncaster.php?day={day}&month={month}&year={year}',0,1,'public access is bust'),
 (8,'Rochford District Council','Rochford','planning.applications@rochford.gov.uk','/scrapers/rochford.php?day={day}&month={month}&year={year}',0,0,NULL),
 (9,'Oxford City Council','Oxford','planning@oxford.gov.uk','/scrapers/oxford.php?day={day}&month={month}&year={year}',0,0,NULL);
INSERT INTO `planning`.`authority` VALUES  (11,'Swindon Borough Council','Swindon','sbcdc@swindon.gov.uk','/scrapers/swindon.php?day={day}&month={month}&year={year}',0,0,NULL),
 (13,'Salford City Council','Salford','planning.contact@salford.gov.uk','/scrapers/salford.php?day={day}&month={month}&year={year}',0,0,''),
 (14,'Norwich City Council','Norwich','devcontrol@norwich.gov.uk','/scrapers/norwich.php?day={day}&month={month}&year={year}',0,0,''),
 (26,'Reading Borough Council','Reading','unknown@unknown.com','/scrapers/reading.php?day={day}&month={month}&year={year}',0,0,NULL),
 (15,'Wycombe District Council','Wycombe','planning@wycombe.gov.uk ','/scrapers/wycombe.php?day={day}&month={month}&year={year}',0,0,''),
 (16,'Bedford Borough Council','Bedford','unknown@unknown.com','/scrapers/bedford.php?day={day}&month={month}&year={year}',0,0,NULL),
 (17,'Three Rivers District Council','Three Rivers','unknown@unknown.com','/scrapers/threerivers.php?day={day}&month={month}&year={year}',0,0,NULL),
 (18,'Dartford Borough Council','Dartford','unknown@unknown.com','/scrapers/dartford.php?day={day}&month={month}&year={year}',0,0,NULL);
INSERT INTO `planning`.`authority` VALUES  (19,'Torridge District Council','Torridge','unknown@unknown.com','/scrapers/torridge.php?day={day}&month={month}&year={year}',0,0,NULL),
 (20,'Leeds City Council','Leeds','planning@leeds.gov.uk','/scrapers/leeds.php?day={day}&month={month}&year={year}',0,0,NULL),
 (21,'Worthing Borough Council','Worthing','planning@worthing.gov.uk','/scrapers/worthing.php?day={day}&month={month}&year={year}',0,0,NULL),
 (22,'East Riding of Yorkshire Council','East Riding','unknown@unknown.com','/scrapers/eastriding.php?day={day}&month={month}&year={year}',0,0,NULL),
 (23,'Stafford Borough Council','Stafford','planning@staffordbc.gov.uk.','/scrapers/stafford.php?day={day}&month={month}&year={year}',0,0,NULL),
 (24,'Alnwick District Council','Alnwick','unknown@unknown.com','/scrapers/alnwick.php?day={day}&month={month}&year={year}',0,1,'Uses custom system'),
 (27,'Chester-le-Street District Council','Chester-le-Street','planning@chester-le-street.gov.uk','/scrapers/chester-le-street.php?day={day}&month={month}&year={year}',0,0,NULL),
 (28,'Staffordshire  Moorlands District Council','Moorlands','unknown@unknown.com','/scrapers/moorlands.php?day={day}&month={month}&year={year}',0,0,NULL);
INSERT INTO `planning`.`authority` VALUES  (29,'Argyll and Bute Council','Argyll and Bute','unknown@unknown.com','/scrapers/argyllandbute.php?day={day}&month={month}&year={year}',0,0,NULL),
 (30,'Sandwell Metropolitan Borough','Sandwell','unknown@unknown.com','/scrapers/sandwell.php?day={day}&month={month}&year={year}',0,0,NULL),
 (31,'Gloucester City Council','Gloucester','unknown@unknown.com','/scrapers/gloucester.php?day={day}&month={month}&year={year}',0,0,NULL),
 (32,'Swindon Borough Council','Swindon','sbcdc@swindon.gov.uk','/scrapers/swindon.php?day={day}&month={month}&year={year}',0,0,NULL),
 (33,'Wakefield Metropolitan District Council ','Wakefield','devcontrol@wakefield.gov.uk','/scrapers/swindon.php?day={day}&month={month}&year={year}',0,0,NULL),
 (34,'Vale of White Horse District Council','Vale of White Horse','planning.dc@whitehorsedc.gov.uk','/scrapers/valeofthewhitehorse.php?day={day}&month={month}&year={year}',0,0,NULL),
 (35,'East Cambridgeshire District Council','East Cambs','plservices@eastcambs.gov.uk','/scrapers/eastcambs.php?day={day}&month={month}&year={year}',0,0,NULL),
 (36,'Scottish Borders Council','Scottish Borders','unknown@unknown.com','/scrapers/scottishborders.php?day={day}&month={month}&year={year}',0,0,NULL);
INSERT INTO `planning`.`authority` VALUES  (37,'Tunbridge Wells Borough Council','Tunbridge Wells','planningcomments@tunbridgewells.gov.uk','/scrapers/tunbridgewells.php?day={day}&month={month}&year={year}',0,0,NULL),
 (38,'London Borough of Bexley','Bexley','unknown@unknown.com','/scrapers/bexley.php?day={day}&month={month}&year={year}',0,0,NULL),
 (39,'West Wiltshire District Council','West Wiltshire','unknown@unknown.com','/scrapers/westwiltshire.php?day={day}&month={month}&year={year}',0,0,NULL),
 (40,'London Borough of Newham','Newham','development.control@newham.gov.uk','/scrapers/newham.php?day={day}&month={month}&year={year}',0,0,NULL),
 (41,'Bradford Metropolitan District Council','Bradford','unknown@unknown.com','/scrapers/bradford.php?day={day}&month={month}&year={year}',0,0,NULL),
 (42,'Richmondshire District Council','Richmondshire','unknown@unknown.com','/scrapers/richmondshire.php?day={day}&month={month}&year={year}',0,0,NULL),
 (45,'Corby Borough Council','Corby','unknown@unknown.com','/scrapers/corby.php?day={day}&month={month}&year={year}',0,0,NULL),
 (48,'Balby District Council','Balby','unknown@unknown.com','/scrapers/balby.php?day={day}&month={month}&year={year}',0,0,NULL);
INSERT INTO `planning`.`authority` VALUES  (47,'North East Derbyshire District Council.','North East Derbyshire','unknown@unknown.com','/scrapers/northeastderbyshire.php?day={day}&month={month}&year={year}',0,0,NULL),
 (49,'Staffordshire Moorlands District Council','Staffordshire Moorlands','unknown@unknown.com','/scrapers/staffordshiremoorlands.php?day={day}&month={month}&year={year}',0,0,NULL),
 (50,'Kingston upon Hull City Council','Kingston upon Hull','unknown@unknown.com','/scrapers/hull.php?day={day}&month={month}&year={year}',0,0,NULL),
 (51,'Tendring District Council','Tendring','unknown@unknown.com','/scrapers/tendring.php?day={day}&month={month}&year={year}',NULL,NULL,NULL);
CREATE TABLE  `planning`.`user` (
  `user_id` int(11) NOT NULL auto_increment,
  `email` varchar(120) NOT NULL,
  `postcode` varchar(10) NOT NULL,
  `digest_mode` tinyint(1) NOT NULL default '0',
  `last_sent` datetime default NULL,
  `bottom_left_x` int(11) default NULL,
  `bottom_left_y` int(11) default NULL,
  `top_right_x` int(11) default NULL,
  `top_right_y` int(11) default NULL,
  `confirm_id` varchar(20) default NULL,
  `confirmed` tinyint(1) default NULL,
  `alert_area_size` varchar(1) default NULL,
  PRIMARY KEY  (`user_id`)
) ENGINE=MyISAM AUTO_INCREMENT=53 DEFAULT CHARSET=utf8;
INSERT INTO `planning`.`user` VALUES  (51,'richard@memespring.co.uk','sw98jx',0,'2007-01-07 10:16:08',530045,174349,532145,176449,'d8a8495e75bece822921',1,'l'),
 (52,'richard@memespring.co.uk','sw98jx',0,'2007-01-06 11:04:37',530045,174349,532145,176449,'c4a175ffa33297125bf9',0,'l');

CREATE TABLE  `planning`.`stats` (
  `key` varchar(25) NOT NULL,
  `value` int(11) NOT NULL,
  PRIMARY KEY  (`key`)
) ENGINE=MyISAM DEFAULT CHARSET=utf8;
INSERT INTO `planning`.`stats` (`key`,`value`) VALUES 
 ('applications_sent',4),
 ('emails_sent',4);



/*!40101 SET SQL_MODE=@OLD_SQL_MODE */;
/*!40014 SET FOREIGN_KEY_CHECKS=@OLD_FOREIGN_KEY_CHECKS */;
/*!40014 SET UNIQUE_CHECKS=@OLD_UNIQUE_CHECKS */;
/*!40101 SET CHARACTER_SET_CLIENT=@OLD_CHARACTER_SET_CLIENT */;
/*!40101 SET CHARACTER_SET_RESULTS=@OLD_CHARACTER_SET_RESULTS */;
/*!40101 SET COLLATION_CONNECTION=@OLD_COLLATION_CONNECTION */;
/*!40101 SET CHARACTER_SET_CLIENT=@OLD_CHARACTER_SET_CLIENT */;
